period,stateid,stateDescription,sectorid,sectorName,customers,price,revenue,sales,month,year
2008-01-01,US,U.S. Total,ALL,all sectors,143412299.0,8.92,29095.57356,326214.57102,1,2008
2008-01-01,US,U.S. Total,RES,residential,125087168.0,10.14,13523.94174,133368.44196,1,2008
2008-01-01,US,U.S. Total,COM,commercial,17571147.0,9.39,10243.48607,109061.27815,1,2008
2008-01-01,US,U.S. Total,TRA,transportation,696.0,9.52,66.05377,694.09968,1,2008
2008-01-01,US,U.S. Total,IND,industrial,753288.0,6.33,5262.09198,83090.75123,1,2008
2008-02-01,US,U.S. Total,IND,industrial,746771.0,6.34,5165.28168,81484.31279,2,2008
2008-02-01,US,U.S. Total,COM,commercial,17465070.0,9.46,9873.34409,104396.86107,2,2008
2008-02-01,US,U.S. Total,ALL,all sectors,142816242.0,8.9,27150.32587,305094.91897,2,2008
2008-02-01,US,U.S. Total,TRA,transportation,701.0,10.06,66.4222,660.09922,2,2008
2008-02-01,US,U.S. Total,RES,residential,124603700.0,10.16,12045.27791,118553.64589,2,2008
2008-03-01,US,U.S. Total,TRA,transportation,713.0,10.14,63.91899,630.24222,3,2008
2008-03-01,US,U.S. Total,RES,residential,124880315.0,10.45,11198.34565,107162.48294,3,2008
2008-03-01,US,U.S. Total,IND,industrial,807188.0,6.46,5393.05493,83497.98014,3,2008
2008-03-01,US,U.S. Total,COM,commercial,17509854.0,9.62,9935.91881,103334.63273,3,2008
2008-03-01,US,U.S. Total,ALL,all sectors,143198070.0,9.03,26591.23838,294625.33802,3,2008
2008-04-01,US,U.S. Total,RES,residential,124835939.0,10.93,10075.29339,92165.89406,4,2008
2008-04-01,US,U.S. Total,TRA,transportation,715.0,10.06,61.80788,614.46408,4,2008
2008-04-01,US,U.S. Total,IND,industrial,751426.0,6.64,5559.06351,83695.60892,4,2008
2008-04-01,US,U.S. Total,COM,commercial,17530143.0,9.79,9937.65085,101487.44971,4,2008
2008-04-01,US,U.S. Total,ALL,all sectors,143118223.0,9.22,25633.81563,277963.41678,4,2008
2008-05-01,US,U.S. Total,IND,industrial,757785.0,6.75,5935.34769,87963.07225,5,2008
2008-05-01,US,U.S. Total,RES,residential,124847257.0,11.4,10517.08946,92245.62751,5,2008
2008-05-01,US,U.S. Total,COM,commercial,17561292.0,10.05,10797.90645,107473.48707,5,2008
2008-05-01,US,U.S. Total,ALL,all sectors,143167043.0,9.47,27312.40108,288276.05761,5,2008
2008-05-01,US,U.S. Total,TRA,transportation,709.0,10.45,62.05749,593.87078,5,2008
2008-06-01,US,U.S. Total,ALL,all sectors,143404043.0,10.27,33749.5751,328592.49724,6,2008
2008-06-01,US,U.S. Total,COM,commercial,17631160.0,10.87,12981.1845,119372.96065,6,2008
2008-06-01,US,U.S. Total,IND,industrial,765535.0,7.35,6408.04189,87223.7717,6,2008
2008-06-01,US,U.S. Total,RES,residential,125006630.0,11.77,14286.97745,121375.87566,6,2008
2008-06-01,US,U.S. Total,TRA,transportation,718.0,11.84,73.37127,619.88923,6,2008
2008-07-01,US,U.S. Total,TRA,transportation,738.0,11.8,76.52755,648.57229,7,2008
2008-07-01,US,U.S. Total,RES,residential,125161249.0,12.07,17281.31454,143179.15198,7,2008
2008-07-01,US,U.S. Total,IND,industrial,826573.0,7.72,6830.939,88526.8087,7,2008
2008-07-01,US,U.S. Total,COM,commercial,17640732.0,11.1,14211.259,128072.03466,7,2008
2008-07-01,US,U.S. Total,ALL,all sectors,143629292.0,10.65,38400.04009,360426.56763,7,2008
2008-08-01,US,U.S. Total,ALL,all sectors,143658867.0,10.59,37246.64169,351856.42843,8,2008
2008-08-01,US,U.S. Total,RES,residential,125219747.0,12.09,16736.21408,138459.9164,8,2008
2008-08-01,US,U.S. Total,IND,industrial,827386.0,7.55,6689.81169,88551.91025,8,2008
2008-08-01,US,U.S. Total,TRA,transportation,741.0,11.65,75.59269,648.95218,8,2008
2008-08-01,US,U.S. Total,COM,commercial,17610993.0,11.07,13745.02323,124195.6496,8,2008
2008-09-01,US,U.S. Total,TRA,transportation,743.0,11.83,74.41443,628.87292,9,2008
2008-09-01,US,U.S. Total,RES,residential,125080299.0,11.92,13960.35395,117078.13536,9,2008
2008-09-01,US,U.S. Total,IND,industrial,823339.0,7.31,6279.016,85910.35521,9,2008
2008-09-01,US,U.S. Total,ALL,all sectors,143531265.0,10.27,33050.36954,321906.21066,9,2008
2008-09-01,US,U.S. Total,COM,commercial,17626884.0,10.77,12736.58516,118288.84717,9,2008
2008-10-01,US,U.S. Total,RES,residential,125459531.0,11.81,11345.93056,96110.5902,10,2008
2008-10-01,US,U.S. Total,IND,industrial,757762.0,7.19,6048.93497,84164.27206,10,2008
2008-10-01,US,U.S. Total,TRA,transportation,758.0,10.49,66.88546,637.49879,10,2008
2008-10-01,US,U.S. Total,COM,commercial,17648493.0,10.41,11536.90295,110849.71329,10,2008
2008-10-01,US,U.S. Total,ALL,all sectors,143866544.0,9.94,28998.65394,291762.07434,10,2008
2008-11-01,US,U.S. Total,TRA,transportation,733.0,10.2,62.2745,610.57365,11,2008
2008-11-01,US,U.S. Total,COM,commercial,17489157.0,10.16,10406.24511,102414.68843,11,2008
2008-11-01,US,U.S. Total,ALL,all sectors,142802011.0,9.67,26911.86093,278330.40976,11,2008
2008-11-01,US,U.S. Total,IND,industrial,744598.0,6.93,5510.85608,79538.65519,11,2008
2008-11-01,US,U.S. Total,RES,residential,124567523.0,11.42,10932.48525,95766.49248,11,2008
2008-12-01,US,U.S. Total,ALL,all sectors,144144391.0,9.53,29442.61526,308916.12865,12,2008
2008-12-01,US,U.S. Total,TRA,transportation,748.0,10.57,70.43102,666.07597,12,2008
2008-12-01,US,U.S. Total,COM,commercial,17702401.0,9.92,10630.49209,107185.88253,12,2008
2008-12-01,US,U.S. Total,RES,residential,125705084.0,10.86,13593.2523,125195.49051,12,2008
2008-12-01,US,U.S. Total,IND,industrial,736158.0,6.79,5148.43985,75868.67965,12,2008
2009-01-01,US,U.S. Total,RES,residential,124862256.0,10.98,14954.35856,136228.78303,1,2009
2009-01-01,US,U.S. Total,ALL,all sectors,143092208.0,9.68,31146.78739,321623.96705,1,2009
2009-01-01,US,U.S. Total,COM,commercial,17488241.0,9.96,10923.68619,109643.16445,1,2009
2009-01-01,US,U.S. Total,IND,industrial,741026.0,6.92,5188.99506,74983.03633,1,2009
2009-01-01,US,U.S. Total,TRA,transportation,685.0,10.37,79.74758,768.98325,1,2009
2009-02-01,US,U.S. Total,COM,commercial,17456977.0,10.2,10103.89928,99010.67533,2,2009
2009-02-01,US,U.S. Total,ALL,all sectors,142891027.0,9.78,27981.33013,286251.46303,2,2009
2009-02-01,US,U.S. Total,RES,residential,124706213.0,11.18,12884.59798,115212.23344,2,2009
2009-02-01,US,U.S. Total,IND,industrial,727141.0,6.9,4923.03083,71358.00943,2,2009
2009-02-01,US,U.S. Total,TRA,transportation,696.0,10.41,69.80205,670.54483,2,2009
2009-03-01,US,U.S. Total,IND,industrial,797660.0,6.81,5053.75982,74171.16102,3,2009
2009-03-01,US,U.S. Total,RES,residential,125186985.0,11.28,12013.57585,106501.36115,3,2009
2009-03-01,US,U.S. Total,ALL,all sectors,143532486.0,9.64,27349.93024,283807.82623,3,2009
2009-03-01,US,U.S. Total,TRA,transportation,700.0,10.98,74.32875,677.21,3,2009
2009-03-01,US,U.S. Total,COM,commercial,17547141.0,9.96,10208.26582,102458.09406,3,2009
2009-04-01,US,U.S. Total,IND,industrial,753109.0,6.75,4956.37619,73415.09341,4,2009
2009-04-01,US,U.S. Total,ALL,all sectors,143685837.0,9.57,25402.32179,265463.64608,4,2009
2009-04-01,US,U.S. Total,RES,residential,125347278.0,11.5,10534.46588,91631.16242,4,2009
2009-04-01,US,U.S. Total,COM,commercial,17584748.0,9.87,9848.35244,99804.15979,4,2009
2009-04-01,US,U.S. Total,TRA,transportation,702.0,10.29,63.12727,613.23046,4,2009
2009-05-01,US,U.S. Total,IND,industrial,732457.0,6.77,5084.2969,75150.83707,5,2009
2009-05-01,US,U.S. Total,COM,commercial,17496203.0,10.11,10633.36665,105211.81067,5,2009
2009-05-01,US,U.S. Total,TRA,transportation,704.0,11.11,66.78551,601.15207,5,2009
2009-05-01,US,U.S. Total,ALL,all sectors,143070924.0,9.77,26892.11678,275275.97676,5,2009
2009-05-01,US,U.S. Total,RES,residential,124841560.0,11.78,11107.66771,94312.17694,5,2009
2009-06-01,US,U.S. Total,COM,commercial,17600995.0,10.46,12014.23671,114832.07907,6,2009
2009-06-01,US,U.S. Total,TRA,transportation,703.0,10.77,66.00192,612.614,6,2009
2009-06-01,US,U.S. Total,RES,residential,125376280.0,11.81,13512.54616,114395.18493,6,2009
2009-06-01,US,U.S. Total,IND,industrial,791686.0,7.09,5362.77013,75680.59193,6,2009
2009-06-01,US,U.S. Total,ALL,all sectors,143769664.0,10.13,30955.55492,305520.46993,6,2009
2009-07-01,US,U.S. Total,RES,residential,125460675.0,11.85,16292.4521,137497.95889,7,2009
2009-07-01,US,U.S. Total,IND,industrial,794335.0,7.1,5562.69854,78390.88288,7,2009
2009-07-01,US,U.S. Total,COM,commercial,17603850.0,10.56,12811.08035,121323.02953,7,2009
2009-07-01,US,U.S. Total,ALL,all sectors,143859563.0,10.28,34739.57172,337878.07154,7,2009
2009-07-01,US,U.S. Total,TRA,transportation,703.0,11.01,73.34073,666.20023,7,2009
2009-08-01,US,U.S. Total,RES,residential,125197488.0,11.94,16504.27801,138222.67826,8,2009
2009-08-01,US,U.S. Total,TRA,transportation,706.0,10.8,69.81239,646.53414,8,2009
2009-08-01,US,U.S. Total,IND,industrial,794447.0,7.1,5832.12669,82199.24951,8,2009
2009-08-01,US,U.S. Total,COM,commercial,17547055.0,10.52,13015.82855,123776.73329,8,2009
2009-08-01,US,U.S. Total,ALL,all sectors,143539696.0,10.27,35422.04563,344845.1952,8,2009
2009-09-01,US,U.S. Total,ALL,all sectors,143473810.0,10.09,31344.33454,310563.30622,9,2009
2009-09-01,US,U.S. Total,COM,commercial,17547505.0,10.45,12008.22126,114900.22901,9,2009
2009-09-01,US,U.S. Total,IND,industrial,790286.0,6.89,5499.1563,79863.39097,9,2009
2009-09-01,US,U.S. Total,RES,residential,125135312.0,11.96,13768.65302,115163.38169,9,2009
2009-09-01,US,U.S. Total,TRA,transportation,707.0,10.73,68.30396,636.30455,9,2009
2009-10-01,US,U.S. Total,TRA,transportation,708.0,10.39,62.32202,599.84432,10,2009
2009-10-01,US,U.S. Total,IND,industrial,731920.0,6.7,5321.96673,79450.79424,10,2009
2009-10-01,US,U.S. Total,COM,commercial,17653521.0,10.13,10991.16194,108513.64705,10,2009
2009-10-01,US,U.S. Total,ALL,all sectors,143889070.0,9.7,27856.49521,287116.30848,10,2009
2009-10-01,US,U.S. Total,RES,residential,125502921.0,11.65,11481.04452,98552.02288,10,2009
2009-11-01,US,U.S. Total,TRA,transportation,712.0,10.61,62.61539,589.89847,11,2009
2009-11-01,US,U.S. Total,COM,commercial,17536081.0,9.78,9670.0305,98901.26048,11,2009
2009-11-01,US,U.S. Total,RES,residential,124998344.0,11.26,10474.16119,93027.97812,11,2009
2009-11-01,US,U.S. Total,IND,industrial,717806.0,6.4,4839.16745,75638.71671,11,2009
2009-11-01,US,U.S. Total,ALL,all sectors,143252943.0,9.34,25045.97454,268157.85379,11,2009
2009-12-01,US,U.S. Total,IND,industrial,718092.0,6.54,5046.00586,77114.70448,12,2009
2009-12-01,US,U.S. Total,ALL,all sectors,144292287.0,9.4,29152.8005,310291.04959,12,2009
2009-12-01,US,U.S. Total,RES,residential,125890006.0,10.9,13515.75848,124013.23123,12,2009
2009-12-01,US,U.S. Total,TRA,transportation,712.0,10.53,72.16339,685.47269,12,2009
2009-12-01,US,U.S. Total,COM,commercial,17683477.0,9.7,10518.87277,108477.64119,12,2009
2010-01-01,US,U.S. Total,TRA,transportation,260.0,10.19,72.28664,709.47872,1,2010
2010-01-01,US,U.S. Total,IND,industrial,710700.0,6.5,4909.0917,75548.90308,1,2010
2010-01-01,US,U.S. Total,RES,residential,124906507.0,10.49,15475.10693,147499.8756,1,2010
2010-01-01,US,U.S. Total,ALL,all sectors,143201001.0,9.28,30783.69853,331878.76297,1,2010
2010-01-01,US,U.S. Total,COM,commercial,17583534.0,9.55,10327.21325,108120.50557,1,2010
2010-02-01,US,U.S. Total,RES,residential,124842128.0,10.89,13374.18269,122840.19897,2,2010
2010-02-01,US,U.S. Total,TRA,transportation,238.0,10.52,71.75463,681.82363,2,2010
2010-02-01,US,U.S. Total,IND,industrial,708767.0,6.55,4861.45991,74190.72741,2,2010
2010-02-01,US,U.S. Total,COM,commercial,17545240.0,9.89,9958.84225,100746.97804,2,2010
2010-02-01,US,U.S. Total,ALL,all sectors,143096373.0,9.47,28266.23948,298459.72804,2,2010
2010-03-01,US,U.S. Total,RES,residential,125732549.0,11.11,12414.45939,111789.98549,3,2010
2010-03-01,US,U.S. Total,IND,industrial,776722.0,6.53,5114.00119,78319.08909,3,2010
2010-03-01,US,U.S. Total,COM,commercial,17684381.0,9.95,10124.94036,101751.35586,3,2010
2010-03-01,US,U.S. Total,ALL,all sectors,144193891.0,9.48,27720.47708,292511.35075,3,2010
2010-03-01,US,U.S. Total,TRA,transportation,239.0,10.3,67.07614,650.92031,3,2010
2010-04-01,US,U.S. Total,TRA,transportation,237.0,10.54,62.71691,594.94531,4,2010
2010-04-01,US,U.S. Total,IND,industrial,718573.0,6.55,5148.01373,78620.38762,4,2010
2010-04-01,US,U.S. Total,COM,commercial,17689371.0,9.95,9933.02292,99790.36122,4,2010
2010-04-01,US,U.S. Total,ALL,all sectors,144139020.0,9.53,25452.82497,267052.12908,4,2010
2010-04-01,US,U.S. Total,RES,residential,125730839.0,11.71,10309.07141,88046.43494,4,2010
2010-05-01,US,U.S. Total,RES,residential,125349845.0,11.91,11295.76968,94843.00591,5,2010
2010-05-01,US,U.S. Total,ALL,all sectors,143683686.0,9.72,27588.15656,283729.2674,5,2010
2010-05-01,US,U.S. Total,COM,commercial,17610528.0,10.15,10775.83923,106172.1027,5,2010
2010-05-01,US,U.S. Total,IND,industrial,723075.0,6.64,5453.23557,82113.9719,5,2010
2010-05-01,US,U.S. Total,TRA,transportation,238.0,10.55,63.31208,600.1869,5,2010
2010-06-01,US,U.S. Total,TRA,transportation,237.0,11.17,72.87448,652.52518,6,2010
2010-06-01,US,U.S. Total,IND,industrial,739717.0,6.97,5806.08025,83359.7068,6,2010
2010-06-01,US,U.S. Total,COM,commercial,17670404.0,10.56,12604.91565,119384.99993,6,2010
2010-06-01,US,U.S. Total,RES,residential,125728387.0,11.91,15188.86508,127495.96897,6,2010
2010-06-01,US,U.S. Total,ALL,all sectors,144138745.0,10.18,33672.73545,330893.20089,6,2010
2010-07-01,US,U.S. Total,ALL,all sectors,144563790.0,10.46,38600.65658,369017.71929,7,2010
2010-07-01,US,U.S. Total,COM,commercial,17741672.0,10.72,13711.75038,127923.96458,7,2010
2010-07-01,US,U.S. Total,RES,residential,126011081.0,12.04,18619.49465,154688.71374,7,2010
2010-07-01,US,U.S. Total,TRA,transportation,237.0,10.97,72.55439,661.23129,7,2010
2010-07-01,US,U.S. Total,IND,industrial,810800.0,7.23,6196.85717,85743.80969,7,2010
2010-08-01,US,U.S. Total,ALL,all sectors,144509086.0,10.4,38659.20672,371769.31409,8,2010
2010-08-01,US,U.S. Total,COM,commercial,17710653.0,10.62,13716.33344,129166.3266,8,2010
2010-08-01,US,U.S. Total,IND,industrial,807688.0,7.22,6345.91187,87927.06843,8,2010
2010-08-01,US,U.S. Total,RES,residential,125990509.0,12.03,18529.15911,154053.43099,8,2010
2010-08-01,US,U.S. Total,TRA,transportation,236.0,10.89,67.80231,622.48808,8,2010
2010-09-01,US,U.S. Total,TRA,transportation,232.0,10.54,66.73424,633.16672,9,2010
2010-09-01,US,U.S. Total,IND,industrial,803075.0,7.0,5833.54437,83389.71461,9,2010
2010-09-01,US,U.S. Total,COM,commercial,17713203.0,10.52,12532.50721,119136.72305,9,2010
2010-09-01,US,U.S. Total,ALL,all sectors,144532490.0,10.17,33322.39273,327742.33635,9,2010
2010-09-01,US,U.S. Total,RES,residential,126015980.0,11.95,14889.60691,124582.73197,9,2010
2010-10-01,US,U.S. Total,RES,residential,126056303.0,11.86,11471.21261,96688.03347,10,2010
2010-10-01,US,U.S. Total,ALL,all sectors,144494350.0,9.81,28233.95789,287839.79568,10,2010
2010-10-01,US,U.S. Total,COM,commercial,17706939.0,10.25,11118.16979,108460.80315,10,2010
2010-10-01,US,U.S. Total,IND,industrial,730877.0,6.8,5580.30528,82080.65341,10,2010
2010-10-01,US,U.S. Total,TRA,transportation,231.0,10.53,64.27021,610.30565,10,2010
2010-11-01,US,U.S. Total,IND,industrial,717756.0,6.56,5222.64899,79613.8808,11,2010
2010-11-01,US,U.S. Total,COM,commercial,17669249.0,9.99,10143.09541,101518.93623,11,2010
2010-11-01,US,U.S. Total,ALL,all sectors,144232350.0,9.55,26256.04289,274900.06863,11,2010
2010-11-01,US,U.S. Total,TRA,transportation,231.0,10.47,62.9552,601.11287,11,2010
2010-11-01,US,U.S. Total,RES,residential,125845114.0,11.62,10827.34329,93166.13873,11,2010
2010-12-01,US,U.S. Total,IND,industrial,724536.0,6.6,5300.85734,80313.27654,12,2010
2010-12-01,US,U.S. Total,COM,commercial,17764826.0,9.82,10607.11596,108026.30702,12,2010
2010-12-01,US,U.S. Total,TRA,transportation,241.0,10.08,70.00886,694.22735,12,2010
2010-12-01,US,U.S. Total,RES,residential,126403956.0,11.06,14383.76908,130013.88415,12,2010
2010-12-01,US,U.S. Total,ALL,all sectors,144893559.0,9.52,30361.75123,319047.69506,12,2010
2011-01-01,US,U.S. Total,ALL,all sectors,143568441.0,9.48,31663.46977,334115.65319,1,2011
2011-01-01,US,U.S. Total,TRA,transportation,93.0,10.29,73.09428,710.45712,1,2011
2011-01-01,US,U.S. Total,RES,residential,125335632.0,10.87,15771.43125,145061.68779,1,2011
2011-01-01,US,U.S. Total,IND,industrial,691024.0,6.53,5229.11604,80092.87514,1,2011
2011-01-01,US,U.S. Total,COM,commercial,17541692.0,9.78,10589.8282,108250.63314,1,2011
2011-02-01,US,U.S. Total,COM,commercial,17497503.0,9.99,9968.12419,99795.53835,2,2011
2011-02-01,US,U.S. Total,IND,industrial,689287.0,6.63,5058.91666,76361.23172,2,2011
2011-02-01,US,U.S. Total,RES,residential,125324801.0,11.06,13283.86554,120109.96908,2,2011
2011-02-01,US,U.S. Total,ALL,all sectors,143511686.0,9.56,28378.0614,296903.49799,2,2011
2011-02-01,US,U.S. Total,TRA,transportation,95.0,10.55,67.15501,636.75884,2,2011
2011-03-01,US,U.S. Total,TRA,transportation,93.0,10.24,67.93532,663.59308,3,2011
2011-03-01,US,U.S. Total,ALL,all sectors,144957102.0,9.55,27881.8663,292051.85887,3,2011
2011-03-01,US,U.S. Total,RES,residential,126538410.0,11.52,12089.85386,104922.12296,3,2011
2011-03-01,US,U.S. Total,IND,industrial,735610.0,6.53,5370.47045,82209.08469,3,2011
2011-03-01,US,U.S. Total,COM,commercial,17682989.0,9.93,10353.60668,104257.05814,3,2011
2011-04-01,US,U.S. Total,TRA,transportation,97.0,9.97,62.71175,628.7612,4,2011
2011-04-01,US,U.S. Total,RES,residential,125795504.0,11.67,10936.4404,93701.63929,4,2011
2011-04-01,US,U.S. Total,ALL,all sectors,144058824.0,9.54,26258.25648,275203.87798,4,2011
2011-04-01,US,U.S. Total,COM,commercial,17566829.0,9.96,10014.93632,100506.21559,4,2011
2011-04-01,US,U.S. Total,IND,industrial,696394.0,6.53,5244.16801,80367.2619,4,2011
2011-05-01,US,U.S. Total,TRA,transportation,92.0,10.7,66.20606,618.56678,5,2011
2011-05-01,US,U.S. Total,COM,commercial,17612428.0,10.19,10962.64276,107624.53459,5,2011
2011-05-01,US,U.S. Total,IND,industrial,704871.0,6.68,5478.99287,82060.54846,5,2011
2011-05-01,US,U.S. Total,RES,residential,126064856.0,11.93,11656.4069,97689.09798,5,2011
2011-05-01,US,U.S. Total,ALL,all sectors,144382247.0,9.78,28164.24859,287992.74781,5,2011
2011-06-01,US,U.S. Total,ALL,all sectors,144811126.0,10.26,33735.1434,328707.33187,6,2011
2011-06-01,US,U.S. Total,RES,residential,126411464.0,11.97,15079.5247,125982.78519,6,2011
2011-06-01,US,U.S. Total,COM,commercial,17684700.0,10.66,12592.19004,118170.17391,6,2011
2011-06-01,US,U.S. Total,IND,industrial,714869.0,7.14,5992.67407,83911.56382,6,2011
2011-06-01,US,U.S. Total,TRA,transportation,93.0,11.01,70.75459,642.80896,6,2011
2011-07-01,US,U.S. Total,TRA,transportation,93.0,11.21,72.89665,650.45662,7,2011
2011-07-01,US,U.S. Total,RES,residential,126153422.0,12.09,18709.28372,154728.9198,7,2011
2011-07-01,US,U.S. Total,IND,industrial,758421.0,7.32,6384.09299,87247.10363,7,2011
2011-07-01,US,U.S. Total,COM,commercial,17645184.0,10.67,13661.03568,128065.43317,7,2011
2011-07-01,US,U.S. Total,ALL,all sectors,144557120.0,10.47,38827.30904,370691.91322,7,2011
2011-08-01,US,U.S. Total,COM,commercial,17748622.0,10.72,13874.11209,129368.47817,8,2011
2011-08-01,US,U.S. Total,RES,residential,126732832.0,12.09,18582.56908,153738.7326,8,2011
2011-08-01,US,U.S. Total,TRA,transportation,92.0,10.82,67.64414,625.26534,8,2011
2011-08-01,US,U.S. Total,ALL,all sectors,145243220.0,10.49,39103.86751,372719.82806,8,2011
2011-08-01,US,U.S. Total,IND,industrial,761674.0,7.39,6579.5422,88987.35194,8,2011
2011-09-01,US,U.S. Total,TRA,transportation,89.0,10.8,68.44807,633.61555,9,2011
2011-09-01,US,U.S. Total,RES,residential,126386997.0,12.17,14933.83752,122719.49868,9,2011
2011-09-01,US,U.S. Total,IND,industrial,757463.0,7.15,6074.41643,84942.79578,9,2011
2011-09-01,US,U.S. Total,COM,commercial,17687829.0,10.59,12493.92664,117951.31165,9,2011
2011-09-01,US,U.S. Total,ALL,all sectors,144832378.0,10.29,33570.62864,326247.22166,9,2011
2011-10-01,US,U.S. Total,RES,residential,126127824.0,12.08,11427.03319,94585.12049,10,2011
2011-10-01,US,U.S. Total,TRA,transportation,90.0,10.25,63.16208,616.47655,10,2011
2011-10-01,US,U.S. Total,ALL,all sectors,144516255.0,9.83,28337.16265,288132.88819,10,2011
2011-10-01,US,U.S. Total,COM,commercial,17638704.0,10.25,11141.61878,108649.56376,10,2011
2011-10-01,US,U.S. Total,IND,industrial,749637.0,6.77,5705.34861,84281.7274,10,2011
2011-11-01,US,U.S. Total,TRA,transportation,90.0,9.93,58.54763,589.81212,11,2011
2011-11-01,US,U.S. Total,IND,industrial,739648.0,6.53,5281.08243,80872.4358,11,2011
2011-11-01,US,U.S. Total,ALL,all sectors,144644581.0,9.58,26355.44522,275235.16385,11,2011
2011-11-01,US,U.S. Total,RES,residential,126251331.0,11.78,10981.82046,93220.49602,11,2011
2011-11-01,US,U.S. Total,COM,commercial,17653512.0,9.98,10033.9947,100552.41991,11,2011
2011-12-01,US,U.S. Total,TRA,transportation,89.0,9.79,64.18763,655.51185,12,2011
2011-12-01,US,U.S. Total,RES,residential,126593788.0,11.4,13261.88159,116341.02312,12,2011
2011-12-01,US,U.S. Total,ALL,all sectors,145024799.0,9.53,28773.63544,301844.19734,12,2011
2011-12-01,US,U.S. Total,COM,commercial,17695148.0,9.77,10240.69707,104866.07866,12,2011
2011-12-01,US,U.S. Total,IND,industrial,735774.0,6.51,5206.86916,79981.58371,12,2011
2012-01-01,US,U.S. Total,COM,commercial,17637378.0,9.84,10352.36321,105239.31021,1,2012
2012-01-01,US,U.S. Total,IND,industrial,719433.0,6.44,5102.33704,79204.65598,1,2012
2012-01-01,US,U.S. Total,RES,residential,126242521.0,11.41,14359.85076,125881.48337,1,2012
2012-01-01,US,U.S. Total,TRA,transportation,92.0,9.78,63.56972,649.93465,1,2012
2012-01-01,US,U.S. Total,ALL,all sectors,144599424.0,9.61,29878.12073,310975.3842,1,2012
2012-02-01,US,U.S. Total,ALL,all sectors,144463591.0,9.58,27479.29768,286982.92448,2,2012
2012-02-01,US,U.S. Total,COM,commercial,17613157.0,9.94,9943.53828,100080.12366,2,2012
2012-02-01,US,U.S. Total,IND,industrial,703152.0,6.45,5051.57831,78298.27379,2,2012
2012-02-01,US,U.S. Total,RES,residential,126147190.0,11.51,12423.74132,107975.35744,2,2012
2012-02-01,US,U.S. Total,TRA,transportation,92.0,9.61,60.43977,629.16958,2,2012
2012-03-01,US,U.S. Total,COM,commercial,17720807.0,9.84,10085.77445,102474.42295,3,2012
2012-03-01,US,U.S. Total,IND,industrial,719346.0,6.46,5249.55837,81298.24301,3,2012
2012-03-01,US,U.S. Total,TRA,transportation,84.0,9.95,59.36684,596.85507,3,2012
2012-03-01,US,U.S. Total,ALL,all sectors,145331057.0,9.52,27015.28529,283731.20675,3,2012
2012-03-01,US,U.S. Total,RES,residential,126890820.0,11.7,11620.58563,99361.68572,3,2012
2012-04-01,US,U.S. Total,RES,residential,126680967.0,11.92,10503.84924,88103.20953,4,2012
2012-04-01,US,U.S. Total,IND,industrial,724611.0,6.38,5167.67697,81029.67494,4,2012
2012-04-01,US,U.S. Total,COM,commercial,17689298.0,9.82,9919.28038,101036.70763,4,2012
2012-04-01,US,U.S. Total,ALL,all sectors,145094960.0,9.47,25650.4556,270759.60242,4,2012
2012-04-01,US,U.S. Total,TRA,transportation,84.0,10.11,59.64901,590.01033,4,2012
2012-05-01,US,U.S. Total,TRA,transportation,81.0,9.97,59.34424,594.95501,5,2012
2012-05-01,US,U.S. Total,ALL,all sectors,146116653.0,9.64,28637.04127,296968.16897,5,2012
2012-05-01,US,U.S. Total,COM,commercial,17833328.0,9.96,11038.59621,110800.44713,5,2012
2012-05-01,US,U.S. Total,IND,industrial,739556.0,6.53,5528.20219,84677.64946,5,2012
2012-05-01,US,U.S. Total,RES,residential,127543688.0,11.9,12010.89863,100895.11737,5,2012
2012-06-01,US,U.S. Total,COM,commercial,17700715.0,10.39,12258.62817,118009.39147,6,2012
2012-06-01,US,U.S. Total,RES,residential,126998376.0,12.09,14863.15873,122934.13138,6,2012
2012-06-01,US,U.S. Total,TRA,transportation,82.0,10.33,61.7127,597.33701,6,2012
2012-06-01,US,U.S. Total,ALL,all sectors,145441312.0,10.13,32948.8591,325159.86926,6,2012
2012-06-01,US,U.S. Total,IND,industrial,742139.0,6.89,5765.35951,83619.0094,6,2012
2012-07-01,US,U.S. Total,ALL,all sectors,145225134.0,10.3,38192.9817,370962.70076,7,2012
2012-07-01,US,U.S. Total,RES,residential,126749730.0,12.0,18552.92954,154579.07102,7,2012
2012-07-01,US,U.S. Total,TRA,transportation,81.0,10.7,67.32754,629.14179,7,2012
2012-07-01,US,U.S. Total,IND,industrial,748278.0,7.13,6219.19813,87219.18043,7,2012
2012-07-01,US,U.S. Total,COM,commercial,17727045.0,10.39,13353.5265,128535.30752,7,2012
2012-08-01,US,U.S. Total,IND,industrial,733000.0,7.08,6239.40002,88104.63253,8,2012
2012-08-01,US,U.S. Total,COM,commercial,17831822.0,10.39,13313.31306,128106.4177,8,2012
2012-08-01,US,U.S. Total,RES,residential,127521015.0,12.17,18009.42224,147941.04266,8,2012
2012-08-01,US,U.S. Total,ALL,all sectors,146085918.0,10.32,37628.74261,364784.71655,8,2012
2012-08-01,US,U.S. Total,TRA,transportation,81.0,10.53,66.60729,632.62365,8,2012
2012-09-01,US,U.S. Total,IND,industrial,739162.0,6.97,5716.00964,82059.90033,9,2012
2012-09-01,US,U.S. Total,RES,residential,126453450.0,12.3,14613.55833,118831.34204,9,2012
2012-09-01,US,U.S. Total,TRA,transportation,81.0,10.74,65.88577,613.49482,9,2012
2012-09-01,US,U.S. Total,ALL,all sectors,144876858.0,10.26,32633.93517,318089.70771,9,2012
2012-09-01,US,U.S. Total,COM,commercial,17684165.0,10.5,12238.48143,116584.97051,9,2012
2012-10-01,US,U.S. Total,COM,commercial,17798407.0,10.08,11130.89439,110471.00997,10,2012
2012-10-01,US,U.S. Total,RES,residential,127148704.0,12.03,11633.39184,96669.43338,10,2012
2012-10-01,US,U.S. Total,ALL,all sectors,145683234.0,9.74,28315.89017,290735.45792,10,2012
2012-10-01,US,U.S. Total,TRA,transportation,80.0,10.13,60.71742,599.3249,10,2012
2012-10-01,US,U.S. Total,IND,industrial,736043.0,6.62,5490.88652,82995.68967,10,2012
2012-11-01,US,U.S. Total,COM,commercial,17722313.0,9.89,10052.49531,101640.73826,11,2012
2012-11-01,US,U.S. Total,ALL,all sectors,145326769.0,9.58,26650.93201,278211.92275,11,2012
2012-11-01,US,U.S. Total,RES,residential,126862992.0,11.75,11417.71852,97155.23195,11,2012
2012-11-01,US,U.S. Total,TRA,transportation,81.0,10.41,59.18962,568.61236,11,2012
2012-11-01,US,U.S. Total,IND,industrial,741383.0,6.5,5121.52855,78847.34019,11,2012
2012-12-01,US,U.S. Total,RES,residential,126747576.0,11.62,13271.25531,114187.60211,12,2012
2012-12-01,US,U.S. Total,IND,industrial,742028.0,6.52,5109.52286,78359.60426,12,2012
2012-12-01,US,U.S. Total,TRA,transportation,80.0,10.28,63.61046,618.56883,12,2012
2012-12-01,US,U.S. Total,ALL,all sectors,145278087.0,9.64,28655.93802,297288.12385,12,2012
2012-12-01,US,U.S. Total,COM,commercial,17788403.0,9.81,10211.5494,104122.34865,12,2012
2013-01-01,US,U.S. Total,IND,industrial,820869.0,6.5,5232.61356,80505.47227,1,2013
2013-01-01,US,U.S. Total,RES,residential,127595060.0,11.46,15099.98359,131784.83713,1,2013
2013-01-01,US,U.S. Total,TRA,transportation,73.0,10.53,69.93371,663.87257,1,2013
2013-01-01,US,U.S. Total,COM,commercial,17595375.0,9.77,10526.70479,107728.74656,1,2013
2013-01-01,US,U.S. Total,ALL,all sectors,146011377.0,9.64,30929.23565,320682.92852,1,2013
2013-02-01,US,U.S. Total,ALL,all sectors,145245699.0,9.77,28485.32435,291480.36403,2,2013
2013-02-01,US,U.S. Total,RES,residential,126911590.0,11.63,13152.57668,113113.88543,2,2013
2013-02-01,US,U.S. Total,TRA,transportation,72.0,10.56,69.57021,658.79547,2,2013
2013-02-01,US,U.S. Total,COM,commercial,17526676.0,10.06,10157.7371,101015.6343,2,2013
2013-02-01,US,U.S. Total,IND,industrial,807361.0,6.66,5105.44036,76692.04883,2,2013
2013-03-01,US,U.S. Total,RES,residential,127694574.0,11.61,13016.19927,112096.72548,3,2013
2013-03-01,US,U.S. Total,ALL,all sectors,146156589.0,9.71,28848.56137,297226.03086,3,2013
2013-03-01,US,U.S. Total,COM,commercial,17647058.0,10.02,10420.94244,104011.35848,3,2013
2013-03-01,US,U.S. Total,TRA,transportation,73.0,10.25,65.95362,643.55762,3,2013
2013-03-01,US,U.S. Total,IND,industrial,814884.0,6.64,5345.46604,80474.38927,3,2013
2013-04-01,US,U.S. Total,IND,industrial,826221.0,6.58,5278.89715,80216.47132,4,2013
2013-04-01,US,U.S. Total,COM,commercial,17950153.0,9.96,10099.13142,101394.9418,4,2013
2013-04-01,US,U.S. Total,TRA,transportation,72.0,10.28,64.75742,629.64361,4,2013
2013-04-01,US,U.S. Total,RES,residential,126863523.0,11.93,11396.57781,95540.85075,4,2013
2013-04-01,US,U.S. Total,ALL,all sectors,145639969.0,9.66,26839.36379,277781.90748,4,2013
2013-05-01,US,U.S. Total,TRA,transportation,73.0,10.5,65.88813,627.30152,5,2013
2013-05-01,US,U.S. Total,RES,residential,128031040.0,12.4,11804.75986,95191.59812,5,2013
2013-05-01,US,U.S. Total,IND,industrial,836614.0,6.75,5732.28968,84896.9274,5,2013
2013-05-01,US,U.S. Total,COM,commercial,17701109.0,10.22,11112.38622,108682.60602,5,2013
2013-05-01,US,U.S. Total,ALL,all sectors,146568836.0,9.92,28715.3239,289398.43306,5,2013
2013-06-01,US,U.S. Total,TRA,transportation,72.0,10.76,68.70581,638.28534,6,2013
2013-06-01,US,U.S. Total,COM,commercial,17623026.0,10.65,12501.47249,117410.41288,6,2013
2013-06-01,US,U.S. Total,IND,industrial,841448.0,7.25,6101.60022,84169.85683,6,2013
2013-06-01,US,U.S. Total,ALL,all sectors,146130251.0,10.45,33465.12798,320200.66137,6,2013
2013-06-01,US,U.S. Total,RES,residential,127665705.0,12.54,14793.34947,117982.10632,6,2013
2013-07-01,US,U.S. Total,TRA,transportation,73.0,10.97,71.15861,648.69528,7,2013
2013-07-01,US,U.S. Total,RES,residential,127940694.0,12.65,18192.89946,143854.74884,7,2013
2013-07-01,US,U.S. Total,ALL,all sectors,146522554.0,10.69,38360.98294,358700.92813,7,2013
2013-07-01,US,U.S. Total,COM,commercial,17727832.0,10.7,13623.51776,127310.57593,7,2013
2013-07-01,US,U.S. Total,IND,industrial,853955.0,7.45,6473.40712,86886.90809,7,2013
2013-08-01,US,U.S. Total,IND,industrial,856327.0,7.37,6474.07753,87806.36831,8,2013
2013-08-01,US,U.S. Total,ALL,all sectors,146692952.0,10.58,37417.82961,353579.59372,8,2013
2013-08-01,US,U.S. Total,COM,commercial,17697816.0,10.69,13580.80059,127063.27433,8,2013
2013-08-01,US,U.S. Total,RES,residential,128138737.0,12.53,17293.51918,138065.06955,8,2013
2013-08-01,US,U.S. Total,TRA,transportation,72.0,10.77,69.43231,644.88154,8,2013
2013-09-01,US,U.S. Total,ALL,all sectors,146120983.0,10.43,33726.7063,323477.85626,9,2013
2013-09-01,US,U.S. Total,IND,industrial,837614.0,7.22,5998.13398,83024.99127,9,2013
2013-09-01,US,U.S. Total,RES,residential,127680228.0,12.51,15192.3874,121419.21582,9,2013
2013-09-01,US,U.S. Total,TRA,transportation,72.0,10.88,68.10307,625.92764,9,2013
2013-09-01,US,U.S. Total,COM,commercial,17603069.0,10.53,12468.08186,118407.72153,9,2013
2013-10-01,US,U.S. Total,COM,commercial,17739281.0,10.28,11503.98918,111906.62154,10,2013
2013-10-01,US,U.S. Total,ALL,all sectors,147199915.0,10.02,29491.57003,294370.25872,10,2013
2013-10-01,US,U.S. Total,IND,industrial,844120.0,6.87,5700.44035,82979.76639,10,2013
2013-10-01,US,U.S. Total,RES,residential,128616444.0,12.36,12225.34176,98893.01479,10,2013
2013-10-01,US,U.S. Total,TRA,transportation,70.0,10.46,61.79873,590.856,10,2013
2013-11-01,US,U.S. Total,TRA,transportation,80.0,10.49,60.21731,574.2554,11,2013
2013-11-01,US,U.S. Total,RES,residential,127563046.0,12.1,11843.4847,97904.01594,11,2013
2013-11-01,US,U.S. Total,IND,industrial,816115.0,6.65,5294.41504,79631.57395,11,2013
2013-11-01,US,U.S. Total,ALL,all sectors,145982465.0,9.79,27562.89339,281494.32405,11,2013
2013-11-01,US,U.S. Total,COM,commercial,17603224.0,10.03,10364.77634,103384.47877,11,2013
2013-12-01,US,U.S. Total,RES,residential,128622650.0,11.72,15119.56039,128966.06076,12,2013
2013-12-01,US,U.S. Total,ALL,all sectors,147186983.0,9.86,31214.81826,316474.53483,12,2013
2013-12-01,US,U.S. Total,COM,commercial,17738970.0,9.96,10828.94995,108762.40498,12,2013
2013-12-01,US,U.S. Total,IND,industrial,825278.0,6.66,5197.03455,78067.10006,12,2013
2013-12-01,US,U.S. Total,TRA,transportation,85.0,10.2,69.27336,678.96903,12,2013
2014-01-01,US,U.S. Total,ALL,all sectors,146660730.0,10.12,34538.95701,341238.27229,1,2014
2014-01-01,US,U.S. Total,IND,industrial,824418.0,6.98,5596.37071,80148.84693,1,2014
2014-01-01,US,U.S. Total,RES,residential,128080045.0,11.65,17075.12968,146511.44233,1,2014
2014-01-01,US,U.S. Total,TRA,transportation,82.0,10.93,77.84554,712.05817,1,2014
2014-01-01,US,U.S. Total,COM,commercial,17756185.0,10.35,11789.61108,113865.92486,1,2014
2014-02-01,US,U.S. Total,IND,industrial,810164.0,7.12,5369.84121,75413.26442,2,2014
2014-02-01,US,U.S. Total,RES,residential,127760935.0,11.94,15337.97599,128475.35803,2,2014
2014-02-01,US,U.S. Total,TRA,transportation,79.0,10.41,72.85191,699.86812,2,2014
2014-02-01,US,U.S. Total,ALL,all sectors,146266104.0,10.33,31922.39881,308941.13303,2,2014
2014-02-01,US,U.S. Total,COM,commercial,17694926.0,10.68,11141.7297,104352.64247,2,2014
2014-03-01,US,U.S. Total,IND,industrial,817663.0,6.99,5632.30365,80539.0692,3,2014
2014-03-01,US,U.S. Total,COM,commercial,17795435.0,10.65,11390.20713,106967.88672,3,2014
2014-03-01,US,U.S. Total,ALL,all sectors,147011470.0,10.28,31086.59685,302388.18814,3,2014
2014-03-01,US,U.S. Total,TRA,transportation,79.0,10.43,67.64635,648.42777,3,2014
2014-03-01,US,U.S. Total,RES,residential,128398293.0,12.25,13996.43972,114232.80446,3,2014
2014-04-01,US,U.S. Total,TRA,transportation,80.0,10.23,65.44203,639.67552,4,2014
2014-04-01,US,U.S. Total,RES,residential,128347095.0,12.31,11365.38688,92289.71503,4,2014
2014-04-01,US,U.S. Total,ALL,all sectors,146972211.0,10.0,27596.3922,275893.66693,4,2014
2014-04-01,US,U.S. Total,COM,commercial,17795240.0,10.46,10715.00513,102458.94982,4,2014
2014-04-01,US,U.S. Total,IND,industrial,829796.0,6.77,5450.55816,80505.32655,4,2014
2014-05-01,US,U.S. Total,RES,residential,128428131.0,12.85,12300.37155,95726.76781,5,2014
2014-05-01,US,U.S. Total,COM,commercial,17834341.0,10.54,11555.41555,109665.54886,5,2014
2014-05-01,US,U.S. Total,IND,industrial,840580.0,6.83,5832.61519,85382.98728,5,2014
2014-05-01,US,U.S. Total,TRA,transportation,84.0,10.06,64.9381,645.56501,5,2014
2014-05-01,US,U.S. Total,ALL,all sectors,147103136.0,10.21,29753.34038,291420.86896,5,2014
2014-06-01,US,U.S. Total,TRA,transportation,77.0,10.6,64.58241,609.31684,6,2014
2014-06-01,US,U.S. Total,RES,residential,128562601.0,12.99,15336.7074,118049.03675,6,2014
2014-06-01,US,U.S. Total,ALL,all sectors,147211584.0,10.75,34710.24391,322791.97998,6,2014
2014-06-01,US,U.S. Total,COM,commercial,17810020.0,10.96,12973.74057,118422.5304,6,2014
2014-06-01,US,U.S. Total,IND,industrial,838886.0,7.39,6335.21353,85711.096,6,2014
2014-07-01,US,U.S. Total,COM,commercial,17937858.0,11.17,14013.81494,125434.14702,7,2014
2014-07-01,US,U.S. Total,IND,industrial,865715.0,7.62,6741.67743,88417.10031,7,2014
2014-07-01,US,U.S. Total,RES,residential,129055781.0,13.09,17942.65199,137027.96944,7,2014
2014-07-01,US,U.S. Total,TRA,transportation,78.0,10.68,68.83805,644.76785,7,2014
2014-07-01,US,U.S. Total,ALL,all sectors,147859432.0,11.03,38766.98241,351523.98462,7,2014
2014-08-01,US,U.S. Total,RES,residential,128924140.0,13.04,17708.10261,135829.7966,8,2014
2014-08-01,US,U.S. Total,IND,industrial,856377.0,7.51,6747.96538,89808.40816,8,2014
2014-08-01,US,U.S. Total,COM,commercial,17889944.0,11.05,13875.77076,125603.00367,8,2014
2014-08-01,US,U.S. Total,TRA,transportation,77.0,10.02,64.32253,641.78362,8,2014
2014-08-01,US,U.S. Total,ALL,all sectors,147670538.0,10.91,38396.16127,351882.99204,8,2014
2014-09-01,US,U.S. Total,IND,industrial,856589.0,7.37,6298.88242,85489.15774,9,2014
2014-09-01,US,U.S. Total,COM,commercial,17922008.0,11.16,13399.36402,120048.81267,9,2014
2014-09-01,US,U.S. Total,ALL,all sectors,147567033.0,10.83,35406.24077,326907.12123,9,2014
2014-09-01,US,U.S. Total,RES,residential,128788358.0,12.95,15638.79842,120741.34746,9,2014
2014-09-01,US,U.S. Total,TRA,transportation,78.0,11.02,69.19591,627.80336,9,2014
2014-10-01,US,U.S. Total,COM,commercial,17993992.0,10.83,12239.4397,113023.10289,10,2014
2014-10-01,US,U.S. Total,IND,industrial,860902.0,7.07,6007.32235,84994.16687,10,2014
2014-10-01,US,U.S. Total,RES,residential,129521707.0,12.6,12352.41797,98037.68189,10,2014
2014-10-01,US,U.S. Total,ALL,all sectors,148376677.0,10.34,30663.36809,296679.7844,10,2014
2014-10-01,US,U.S. Total,TRA,transportation,76.0,10.27,64.18807,624.83276,10,2014
2014-11-01,US,U.S. Total,RES,residential,128640689.0,12.48,12417.48946,99485.77105,11,2014
2014-11-01,US,U.S. Total,IND,industrial,824992.0,6.75,5469.8756,81044.19637,11,2014
2014-11-01,US,U.S. Total,TRA,transportation,76.0,10.2,64.97834,637.14582,11,2014
2014-11-01,US,U.S. Total,ALL,all sectors,147293074.0,10.13,28919.65864,285412.58256,11,2014
2014-11-01,US,U.S. Total,COM,commercial,17827317.0,10.52,10967.31524,104245.46931,11,2014
2014-12-01,US,U.S. Total,ALL,all sectors,148488351.0,10.12,31336.0694,309619.69283,12,2014
2014-12-01,US,U.S. Total,COM,commercial,17988765.0,10.36,11191.74019,108070.2444,12,2014
2014-12-01,US,U.S. Total,RES,residential,129655750.0,12.17,14706.53609,120800.62015,12,2014
2014-12-01,US,U.S. Total,IND,industrial,843760.0,6.7,5372.12809,80122.51809,12,2014
2014-12-01,US,U.S. Total,TRA,transportation,76.0,10.48,65.66504,626.31019,12,2014
2015-01-01,US,U.S. Total,TRA,transportation,77.0,10.45,70.293,672.80442,1,2015
2015-01-01,US,U.S. Total,RES,residential,129177100.0,12.1,16665.36988,137764.85879,1,2015
2015-01-01,US,U.S. Total,IND,industrial,814536.0,6.67,5309.85677,79608.99964,1,2015
2015-01-01,US,U.S. Total,ALL,all sectors,147916025.0,10.18,33551.48717,329666.32027,1,2015
2015-01-01,US,U.S. Total,COM,commercial,17924312.0,10.31,11505.96752,111619.65742,1,2015
2015-02-01,US,U.S. Total,ALL,all sectors,147499498.0,10.36,31768.12413,306768.44011,2,2015
2015-02-01,US,U.S. Total,COM,commercial,17854428.0,10.62,11203.43958,105482.47635,2,2015
2015-02-01,US,U.S. Total,IND,industrial,808801.0,6.88,5276.62933,76748.76531,2,2015
2015-02-01,US,U.S. Total,TRA,transportation,77.0,10.49,73.38589,699.47787,2,2015
2015-02-01,US,U.S. Total,RES,residential,128836192.0,12.29,15214.66933,123837.72058,2,2015
2015-03-01,US,U.S. Total,RES,residential,129858190.0,12.33,14449.84644,117167.11068,3,2015
2015-03-01,US,U.S. Total,TRA,transportation,78.0,10.12,68.78902,679.46898,3,2015
2015-03-01,US,U.S. Total,COM,commercial,17975571.0,10.63,11459.79985,107796.08358,3,2015
2015-03-01,US,U.S. Total,IND,industrial,823107.0,6.83,5440.87624,79709.106,3,2015
2015-03-01,US,U.S. Total,ALL,all sectors,148656946.0,10.29,31419.31155,305351.76924,3,2015
2015-04-01,US,U.S. Total,TRA,transportation,78.0,9.76,60.46755,619.50291,4,2015
2015-04-01,US,U.S. Total,ALL,all sectors,148387164.0,10.01,27565.6217,275475.12077,4,2015
2015-04-01,US,U.S. Total,COM,commercial,17955904.0,10.37,10802.72161,104167.79782,4,2015
2015-04-01,US,U.S. Total,RES,residential,129607349.0,12.62,11379.47055,90199.18738,4,2015
2015-04-01,US,U.S. Total,IND,industrial,823833.0,6.61,5322.96199,80488.63267,4,2015
2015-05-01,US,U.S. Total,IND,industrial,828518.0,6.74,5588.54331,82915.73893,5,2015
2015-05-01,US,U.S. Total,COM,commercial,17675632.0,10.47,11456.49039,109405.65371,5,2015
2015-05-01,US,U.S. Total,ALL,all sectors,148054757.0,10.21,29405.37047,288090.69944,5,2015
2015-05-01,US,U.S. Total,TRA,transportation,79.0,9.87,60.07481,608.77392,5,2015
2015-05-01,US,U.S. Total,RES,residential,129550528.0,12.93,12300.26196,95160.53288,5,2015
2015-06-01,US,U.S. Total,IND,industrial,851608.0,7.11,6133.43423,86217.70376,6,2015
2015-06-01,US,U.S. Total,RES,residential,129833960.0,12.92,15537.26659,120299.75351,6,2015
2015-06-01,US,U.S. Total,TRA,transportation,79.0,10.15,61.86704,609.31936,6,2015
2015-06-01,US,U.S. Total,COM,commercial,18042403.0,10.89,12992.45992,119270.12121,6,2015
2015-06-01,US,U.S. Total,ALL,all sectors,148728050.0,10.64,34725.02778,326396.89785,6,2015
2015-07-01,US,U.S. Total,ALL,all sectors,149282187.0,10.95,39737.70927,362938.0669,7,2015
2015-07-01,US,U.S. Total,COM,commercial,18099332.0,11.07,14228.91704,128504.25329,7,2015
2015-07-01,US,U.S. Total,IND,industrial,860552.0,7.45,6537.85546,87747.34656,7,2015
2015-07-01,US,U.S. Total,TRA,transportation,79.0,10.34,67.03151,648.17648,7,2015
2015-07-01,US,U.S. Total,RES,residential,130322224.0,12.94,18903.90526,146038.29057,7,2015
2015-08-01,US,U.S. Total,IND,industrial,849033.0,7.35,6493.23553,88373.07421,8,2015
2015-08-01,US,U.S. Total,COM,commercial,18013711.0,10.94,14064.73107,128518.92244,8,2015
2015-08-01,US,U.S. Total,RES,residential,129696710.0,12.91,18658.71147,144515.14459,8,2015
2015-08-01,US,U.S. Total,ALL,all sectors,148559532.0,10.85,39280.02152,362031.76805,8,2015
2015-08-01,US,U.S. Total,TRA,transportation,78.0,10.14,63.34345,624.6268,8,2015
2015-09-01,US,U.S. Total,RES,residential,130004031.0,13.03,16346.95842,125416.66628,9,2015
2015-09-01,US,U.S. Total,ALL,all sectors,148915286.0,10.79,35937.16638,332957.87525,9,2015
2015-09-01,US,U.S. Total,COM,commercial,18059742.0,10.98,13419.55417,122195.40637,9,2015
2015-09-01,US,U.S. Total,IND,industrial,851435.0,7.21,6107.3346,84730.4842,9,2015
2015-09-01,US,U.S. Total,TRA,transportation,78.0,10.29,63.31919,615.3184,9,2015
2015-10-01,US,U.S. Total,IND,industrial,851293.0,6.88,5727.96536,83248.83116,10,2015
2015-10-01,US,U.S. Total,RES,residential,130277004.0,12.72,12632.53694,99349.04737,10,2015
2015-10-01,US,U.S. Total,COM,commercial,18087524.0,10.73,12100.25388,112821.48753,10,2015
2015-10-01,US,U.S. Total,ALL,all sectors,149215899.0,10.31,30523.78202,296055.34617,10,2015
2015-10-01,US,U.S. Total,TRA,transportation,78.0,9.91,63.02584,635.98012,10,2015
2015-11-01,US,U.S. Total,ALL,all sectors,148543795.0,10.05,27740.18613,275916.52883,11,2015
2015-11-01,US,U.S. Total,IND,industrial,825647.0,6.61,5184.68281,78494.66844,11,2015
2015-11-01,US,U.S. Total,RES,residential,129722466.0,12.71,11775.45104,92677.74922,11,2015
2015-11-01,US,U.S. Total,TRA,transportation,78.0,9.63,58.12795,603.87165,11,2015
2015-11-01,US,U.S. Total,COM,commercial,17995604.0,10.3,10721.92433,104140.23952,11,2015
2015-12-01,US,U.S. Total,RES,residential,130854255.0,12.32,13759.17434,111670.43689,12,2015
2015-12-01,US,U.S. Total,ALL,all sectors,149835121.0,9.98,29687.65957,297343.55649,12,2015
2015-12-01,US,U.S. Total,COM,commercial,18142822.0,10.13,10825.19342,106829.42741,12,2015
2015-12-01,US,U.S. Total,IND,industrial,837966.0,6.45,5042.50708,78224.38108,12,2015
2015-12-01,US,U.S. Total,TRA,transportation,78.0,9.81,60.78473,619.3111,12,2015
2016-01-01,US,U.S. Total,ALL,all sectors,149158414.0,9.97,31980.20263,320890.16476,1,2016
2016-01-01,US,U.S. Total,COM,commercial,18001806.0,10.08,11133.24554,110410.4764,1,2016
2016-01-01,US,U.S. Total,IND,industrial,829287.0,6.44,5080.06678,78847.86312,1,2016
2016-01-01,US,U.S. Total,RES,residential,130327243.0,11.99,15704.04214,130971.84829,1,2016
2016-01-01,US,U.S. Total,TRA,transportation,78.0,9.52,62.84818,659.97696,1,2016
2016-02-01,US,U.S. Total,COM,commercial,18022657.0,10.25,10604.96356,103451.68958,2,2016
2016-02-01,US,U.S. Total,TRA,transportation,81.0,9.61,62.09292,646.18955,2,2016
2016-02-01,US,U.S. Total,RES,residential,130114828.0,12.14,14075.92464,115959.425,2,2016
2016-02-01,US,U.S. Total,ALL,all sectors,148962775.0,10.0,29669.89181,296805.76317,2,2016
2016-02-01,US,U.S. Total,IND,industrial,825209.0,6.42,4926.91069,76748.45904,2,2016
2016-03-01,US,U.S. Total,COM,commercial,18185531.0,10.23,10814.79173,105739.17841,3,2016
2016-03-01,US,U.S. Total,IND,industrial,835990.0,6.46,5121.52117,79237.36127,3,2016
2016-03-01,US,U.S. Total,ALL,all sectors,150354947.0,10.0,28587.26369,285812.35897,3,2016
2016-03-01,US,U.S. Total,TRA,transportation,86.0,9.56,58.23009,609.24388,3,2016
2016-03-01,US,U.S. Total,RES,residential,131333340.0,12.56,12592.72069,100226.57541,3,2016
2016-04-01,US,U.S. Total,IND,industrial,823879.0,6.44,5064.69906,78646.72682,4,2016
2016-04-01,US,U.S. Total,COM,commercial,18064005.0,10.19,10397.86154,102045.12866,4,2016
2016-04-01,US,U.S. Total,ALL,all sectors,149340126.0,9.83,26486.03319,269531.2373,4,2016
2016-04-01,US,U.S. Total,RES,residential,130452160.0,12.43,10966.74114,88244.34036,4,2016
2016-04-01,US,U.S. Total,TRA,transportation,82.0,9.53,56.73145,595.04145,4,2016
2016-05-01,US,U.S. Total,RES,residential,131002108.0,12.79,12048.36808,94198.0297,5,2016
2016-05-01,US,U.S. Total,ALL,all sectors,149976222.0,10.06,28643.19191,284707.64149,5,2016
2016-05-01,US,U.S. Total,COM,commercial,18133949.0,10.31,11184.21358,108436.89218,5,2016
2016-05-01,US,U.S. Total,IND,industrial,840080.0,6.57,5356.64627,81491.45601,5,2016
2016-05-01,US,U.S. Total,TRA,transportation,85.0,9.28,53.96399,581.26361,5,2016
2016-06-01,US,U.S. Total,RES,residential,131282771.0,12.73,15941.50554,125211.23945,6,2016
2016-06-01,US,U.S. Total,IND,industrial,853646.0,7.03,5879.09532,83672.03383,6,2016
2016-06-01,US,U.S. Total,ALL,all sectors,150311307.0,10.52,34709.92651,329877.90515,6,2016
2016-06-01,US,U.S. Total,COM,commercial,18174804.0,10.66,12827.78213,120363.27304,6,2016
2016-06-01,US,U.S. Total,TRA,transportation,86.0,9.75,61.54352,631.35884,6,2016
2016-07-01,US,U.S. Total,IND,industrial,847849.0,7.23,6293.97508,87076.3985,7,2016
2016-07-01,US,U.S. Total,RES,residential,131086905.0,12.68,19574.57513,154409.32698,7,2016
2016-07-01,US,U.S. Total,TRA,transportation,83.0,9.84,63.75487,648.22444,7,2016
2016-07-01,US,U.S. Total,ALL,all sectors,150065126.0,10.7,39823.35711,372172.26806,7,2016
2016-07-01,US,U.S. Total,COM,commercial,18130289.0,10.68,13891.05204,130038.31813,7,2016
2016-08-01,US,U.S. Total,TRA,transportation,83.0,10.04,63.4061,631.42532,8,2016
2016-08-01,US,U.S. Total,RES,residential,131346501.0,12.88,20156.70583,156441.5236,8,2016
2016-08-01,US,U.S. Total,IND,industrial,859607.0,7.23,6440.43492,89100.53838,8,2016
2016-08-01,US,U.S. Total,COM,commercial,18227261.0,10.76,14530.45414,135018.84084,8,2016
2016-08-01,US,U.S. Total,ALL,all sectors,150433452.0,10.81,41191.00099,381192.32814,8,2016
2016-09-01,US,U.S. Total,COM,commercial,18207555.0,10.77,13298.22187,123492.82377,9,2016
2016-09-01,US,U.S. Total,ALL,all sectors,150428971.0,10.68,35960.55551,336752.08609,9,2016
2016-09-01,US,U.S. Total,RES,residential,131374997.0,12.87,16651.69338,129362.93162,9,2016
2016-09-01,US,U.S. Total,TRA,transportation,83.0,10.0,63.68846,637.02326,9,2016
2016-09-01,US,U.S. Total,IND,industrial,846336.0,7.14,5946.9518,83259.30744,9,2016
2016-10-01,US,U.S. Total,TRA,transportation,84.0,9.62,58.93342,612.61593,10,2016
2016-10-01,US,U.S. Total,RES,residential,131318899.0,12.46,12647.91154,101507.96582,10,2016
2016-10-01,US,U.S. Total,ALL,all sectors,150360762.0,10.15,30111.49888,296680.67052,10,2016
2016-10-01,US,U.S. Total,COM,commercial,18203386.0,10.55,11913.76001,112962.81663,10,2016
2016-10-01,US,U.S. Total,IND,industrial,838393.0,6.73,5490.89391,81597.27214,10,2016
2016-11-01,US,U.S. Total,TRA,transportation,84.0,9.22,54.56582,591.58965,11,2016
2016-11-01,US,U.S. Total,RES,residential,131325418.0,12.75,11886.34579,93244.09126,11,2016
2016-11-01,US,U.S. Total,IND,industrial,824510.0,6.66,5225.31998,78421.43195,11,2016
2016-11-01,US,U.S. Total,ALL,all sectors,150333758.0,10.1,28006.65725,277316.98036,11,2016
2016-11-01,US,U.S. Total,COM,commercial,18183746.0,10.32,10840.42566,105059.86751,11,2016
2016-12-01,US,U.S. Total,IND,industrial,832403.0,6.67,5241.5599,78616.33246,12,2016
2016-12-01,US,U.S. Total,ALL,all sectors,150936431.0,10.09,31339.46403,310722.22579,12,2016
2016-12-01,US,U.S. Total,COM,commercial,18244491.0,10.17,11205.72977,110172.08074,12,2016
2016-12-01,US,U.S. Total,RES,residential,131859453.0,12.23,14830.20436,121280.85551,12,2016
2016-12-01,US,U.S. Total,TRA,transportation,84.0,9.49,61.97001,652.95709,12,2016
2017-01-01,US,U.S. Total,ALL,all sectors,151095211.0,10.13,32216.07886,318177.17905,1,2017
2017-01-01,US,U.S. Total,COM,commercial,18289356.0,10.21,11182.50814,109488.38655,1,2017
2017-01-01,US,U.S. Total,IND,industrial,828464.0,6.59,5189.96914,78809.11338,1,2017
2017-01-01,US,U.S. Total,TRA,transportation,84.0,9.39,62.63615,667.18045,1,2017
2017-01-01,US,U.S. Total,RES,residential,131977307.0,12.21,15780.96542,129212.49867,1,2017
2017-02-01,US,U.S. Total,TRA,transportation,84.0,9.5,60.33062,635.17024,2,2017
2017-02-01,US,U.S. Total,RES,residential,131437253.0,12.79,12910.7678,100968.2357,2,2017
2017-02-01,US,U.S. Total,IND,industrial,817642.0,6.63,4940.59851,74533.79401,2,2017
2017-02-01,US,U.S. Total,COM,commercial,18199541.0,10.48,10442.49181,99639.93551,2,2017
2017-02-01,US,U.S. Total,ALL,all sectors,150454520.0,10.28,28354.18874,275777.13545,2,2017
2017-03-01,US,U.S. Total,ALL,all sectors,152072684.0,10.28,29965.16556,291443.63704,3,2017
2017-03-01,US,U.S. Total,COM,commercial,18384031.0,10.46,11207.74512,107172.86432,3,2017
2017-03-01,US,U.S. Total,IND,industrial,836953.0,6.71,5407.17975,80530.22476,3,2017
2017-03-01,US,U.S. Total,RES,residential,132851616.0,12.89,13289.04536,103095.52026,3,2017
2017-03-01,US,U.S. Total,TRA,transportation,84.0,9.49,61.19532,645.02771,3,2017
2017-04-01,US,U.S. Total,ALL,all sectors,150949126.0,10.07,27469.75265,272801.15774,4,2017
2017-04-01,US,U.S. Total,IND,industrial,821828.0,6.6,5209.31758,78898.55775,4,2017
2017-04-01,US,U.S. Total,TRA,transportation,86.0,9.46,55.69439,589.0465,4,2017
2017-04-01,US,U.S. Total,COM,commercial,18225046.0,10.4,10668.7733,102589.04963,4,2017
2017-04-01,US,U.S. Total,RES,residential,131902166.0,12.72,11535.96739,90724.50386,4,2017
2017-05-01,US,U.S. Total,COM,commercial,18375746.0,10.59,11637.83313,109872.0998,5,2017
2017-05-01,US,U.S. Total,IND,industrial,847817.0,6.78,5639.34014,83134.47026,5,2017
2017-05-01,US,U.S. Total,RES,residential,132559481.0,13.07,12843.17556,98281.15882,5,2017
2017-05-01,US,U.S. Total,TRA,transportation,86.0,9.61,56.01755,582.80876,5,2017
2017-05-01,US,U.S. Total,ALL,all sectors,151783130.0,10.34,30176.36638,291870.53765,5,2017
2017-06-01,US,U.S. Total,ALL,all sectors,152126314.0,10.83,35585.34507,328582.61458,6,2017
2017-06-01,US,U.S. Total,TRA,transportation,85.0,10.18,63.89843,627.75193,6,2017
2017-06-01,US,U.S. Total,RES,residential,132866506.0,13.2,16170.64301,122543.16906,6,2017
2017-06-01,US,U.S. Total,IND,industrial,856760.0,7.19,6141.35125,85398.53829,6,2017
2017-06-01,US,U.S. Total,COM,commercial,18402963.0,11.01,13209.45238,120013.1553,6,2017
2017-07-01,US,U.S. Total,TRA,transportation,85.0,10.12,63.75702,629.7849,7,2017
2017-07-01,US,U.S. Total,RES,residential,132345053.0,13.08,19605.90307,149900.48178,7,2017
2017-07-01,US,U.S. Total,ALL,all sectors,151550213.0,10.95,40269.21959,367613.0216,7,2017
2017-07-01,US,U.S. Total,COM,commercial,18354033.0,10.97,14183.58407,129276.62303,7,2017
2017-07-01,US,U.S. Total,IND,industrial,851042.0,7.31,6415.97544,87806.13189,7,2017
2017-08-01,US,U.S. Total,ALL,all sectors,152318190.0,10.91,39320.30731,360262.61916,8,2017
2017-08-01,US,U.S. Total,COM,commercial,18437269.0,11.01,14141.46965,128481.00787,8,2017
2017-08-01,US,U.S. Total,RES,residential,133013535.0,13.15,18679.04531,142007.16653,8,2017
2017-08-01,US,U.S. Total,IND,industrial,867301.0,7.22,6435.40266,89134.44287,8,2017
2017-08-01,US,U.S. Total,TRA,transportation,85.0,10.06,64.3897,640.00189,8,2017
2017-09-01,US,U.S. Total,TRA,transportation,85.0,9.99,61.77594,618.12856,9,2017
2017-09-01,US,U.S. Total,ALL,all sectors,151661554.0,10.86,34929.6597,321725.81017,9,2017
2017-09-01,US,U.S. Total,IND,industrial,845776.0,7.17,5991.75053,83540.14022,9,2017
2017-09-01,US,U.S. Total,COM,commercial,18354295.0,11.03,13104.43117,118788.75907,9,2017
2017-09-01,US,U.S. Total,RES,residential,132461398.0,13.28,15771.70205,118778.78233,9,2017
2017-10-01,US,U.S. Total,RES,residential,133126174.0,12.8,13163.91864,102811.04302,10,2017
2017-10-01,US,U.S. Total,ALL,all sectors,152408072.0,10.4,31157.49252,299539.47902,10,2017
2017-10-01,US,U.S. Total,IND,industrial,846549.0,6.91,5725.40722,82815.13063,10,2017
2017-10-01,US,U.S. Total,TRA,transportation,85.0,9.57,59.94694,626.11367,10,2017
2017-10-01,US,U.S. Total,COM,commercial,18435264.0,10.78,12208.21973,113287.1917,10,2017
2017-11-01,US,U.S. Total,RES,residential,133093866.0,12.94,12721.41788,98320.56549,11,2017
2017-11-01,US,U.S. Total,IND,industrial,830580.0,6.73,5345.02547,79455.59181,11,2017
2017-11-01,US,U.S. Total,COM,commercial,18430836.0,10.49,11016.27398,104973.10002,11,2017
2017-11-01,US,U.S. Total,ALL,all sectors,152355367.0,10.28,29139.49061,283347.00055,11,2017
2017-11-01,US,U.S. Total,TRA,transportation,85.0,9.5,56.77328,597.74323,11,2017
2017-12-01,US,U.S. Total,TRA,transportation,85.0,9.35,62.04021,663.83518,12,2017
2017-12-01,US,U.S. Total,RES,residential,133321574.0,12.45,15188.61636,122004.61658,12,2017
2017-12-01,US,U.S. Total,ALL,all sectors,152578237.0,10.17,31739.19812,312215.78198,12,2017
2017-12-01,US,U.S. Total,COM,commercial,18423574.0,10.28,11239.15775,109305.5211,12,2017
2017-12-01,US,U.S. Total,IND,industrial,833004.0,6.54,5249.38381,80241.80912,12,2017
2018-01-01,US,U.S. Total,ALL,all sectors,152693328.0,10.41,35859.45912,344477.68735,1,2018
2018-01-01,US,U.S. Total,TRA,transportation,82.0,9.39,69.9873,745.2533,1,2018
2018-01-01,US,U.S. Total,IND,industrial,838797.0,6.94,5543.29006,79889.79117,1,2018
2018-01-01,US,U.S. Total,RES,residential,133302446.0,12.22,18193.43532,148917.3837,1,2018
2018-01-01,US,U.S. Total,COM,commercial,18552003.0,10.49,12052.74645,114925.25918,1,2018
2018-02-01,US,U.S. Total,TRA,transportation,82.0,9.78,62.02445,634.36787,2,2018
2018-02-01,US,U.S. Total,RES,residential,132923513.0,12.63,14364.19128,113751.28019,2,2018
2018-02-01,US,U.S. Total,IND,industrial,811940.0,6.78,5127.57423,75661.18887,2,2018
2018-02-01,US,U.S. Total,COM,commercial,18440673.0,10.65,10936.06007,102685.44876,2,2018
2018-02-01,US,U.S. Total,ALL,all sectors,152176208.0,10.42,30489.85003,292732.28568,2,2018
2018-03-01,US,U.S. Total,COM,commercial,18574947.0,10.51,11364.79037,108108.34274,3,2018
2018-03-01,US,U.S. Total,ALL,all sectors,153249906.0,10.34,30701.01267,296999.30431,3,2018
2018-03-01,US,U.S. Total,IND,industrial,822275.0,6.63,5373.20482,81052.92676,3,2018
2018-03-01,US,U.S. Total,TRA,transportation,82.0,9.4,58.25899,619.60382,3,2018
2018-03-01,US,U.S. Total,RES,residential,133852602.0,12.97,13904.75849,107218.43099,3,2018
2018-04-01,US,U.S. Total,IND,industrial,824075.0,6.57,5194.23322,79083.41885,4,2018
2018-04-01,US,U.S. Total,COM,commercial,18526543.0,10.46,10805.98316,103331.47962,4,2018
2018-04-01,US,U.S. Total,ALL,all sectors,152768473.0,10.18,28347.26563,278467.98771,4,2018
2018-04-01,US,U.S. Total,TRA,transportation,82.0,9.47,56.76652,599.47348,4,2018
2018-04-01,US,U.S. Total,RES,residential,133417773.0,12.88,12290.28273,95453.61577,4,2018
2018-05-01,US,U.S. Total,RES,residential,134121801.0,13.12,13625.02316,103847.99899,5,2018
2018-05-01,US,U.S. Total,TRA,transportation,82.0,9.39,55.08365,586.8789,5,2018
2018-05-01,US,U.S. Total,IND,industrial,851023.0,6.79,5818.82152,85637.64704,5,2018
2018-05-01,US,U.S. Total,COM,commercial,18613438.0,10.51,11889.50985,113175.48258,5,2018
2018-05-01,US,U.S. Total,ALL,all sectors,153586344.0,10.35,31388.43817,303248.00751,5,2018
2018-06-01,US,U.S. Total,COM,commercial,18615355.0,10.84,13222.53775,122011.1754,6,2018
2018-06-01,US,U.S. Total,IND,industrial,858759.0,7.17,6136.31288,85536.24101,6,2018
2018-06-01,US,U.S. Total,ALL,all sectors,153409508.0,10.75,36344.46381,338082.98543,6,2018
2018-06-01,US,U.S. Total,RES,residential,133935311.0,13.03,16921.93394,129912.8992,6,2018
2018-06-01,US,U.S. Total,TRA,transportation,83.0,10.23,63.67924,622.66982,6,2018
2018-07-01,US,U.S. Total,RES,residential,133883159.0,13.13,20156.14645,153566.05021,7,2018
2018-07-01,US,U.S. Total,IND,industrial,860910.0,7.32,6540.08419,89301.35668,7,2018
2018-07-01,US,U.S. Total,COM,commercial,18623955.0,11.0,14465.54255,131521.57202,7,2018
2018-07-01,US,U.S. Total,ALL,all sectors,153368107.0,10.99,41225.55739,375023.42713,7,2018
2018-07-01,US,U.S. Total,TRA,transportation,83.0,10.05,63.7842,634.44822,7,2018
2018-08-01,US,U.S. Total,ALL,all sectors,153986854.0,11.01,41962.62044,381130.62934,8,2018
2018-08-01,US,U.S. Total,IND,industrial,866859.0,7.25,6673.092,92105.75136,8,2018
2018-08-01,US,U.S. Total,COM,commercial,18686099.0,11.03,14873.68354,134848.07012,8,2018
2018-08-01,US,U.S. Total,RES,residential,134433813.0,13.26,20351.23268,153496.49426,8,2018
2018-08-01,US,U.S. Total,TRA,transportation,83.0,9.5,64.61221,680.31361,8,2018
2018-09-01,US,U.S. Total,TRA,transportation,83.0,10.05,64.33779,640.28363,9,2018
2018-09-01,US,U.S. Total,RES,residential,133791062.0,13.01,16775.12377,128909.79255,9,2018
2018-09-01,US,U.S. Total,IND,industrial,844187.0,7.05,6037.95221,85678.99407,9,2018
2018-09-01,US,U.S. Total,COM,commercial,18594023.0,10.72,13085.06044,122033.47842,9,2018
2018-09-01,US,U.S. Total,ALL,all sectors,153229355.0,10.66,35962.47421,337262.54868,9,2018
2018-10-01,US,U.S. Total,ALL,all sectors,153939997.0,10.41,32181.9615,309113.58697,10,2018
2018-10-01,US,U.S. Total,RES,residential,134377594.0,12.85,13751.1149,107048.75285,10,2018
2018-10-01,US,U.S. Total,COM,commercial,18717481.0,10.77,12505.53842,116133.34132,10,2018
2018-10-01,US,U.S. Total,IND,industrial,844839.0,6.87,5863.53443,85300.74348,10,2018
2018-10-01,US,U.S. Total,TRA,transportation,83.0,9.79,61.77376,630.74932,10,2018
2018-11-01,US,U.S. Total,IND,industrial,823868.0,6.85,5557.20494,81118.3574,11,2018
2018-11-01,US,U.S. Total,RES,residential,134155451.0,12.9,13388.51217,103789.9565,11,2018
2018-11-01,US,U.S. Total,TRA,transportation,83.0,9.7,59.70466,615.67378,11,2018
2018-11-01,US,U.S. Total,COM,commercial,18636211.0,10.54,11068.89549,104983.1121,11,2018
2018-11-01,US,U.S. Total,ALL,all sectors,153615613.0,10.35,30074.31726,290507.09977,11,2018
2018-12-01,US,U.S. Total,IND,industrial,835705.0,6.67,5353.12715,80306.13626,12,2018
2018-12-01,US,U.S. Total,RES,residential,134524109.0,12.43,15311.21398,123180.40374,12,2018
2018-12-01,US,U.S. Total,TRA,transportation,83.0,9.71,63.59579,655.08826,12,2018
2018-12-01,US,U.S. Total,ALL,all sectors,154042768.0,10.21,31882.75929,312139.71096,12,2018
2018-12-01,US,U.S. Total,COM,commercial,18682871.0,10.33,11154.82236,107998.08271,12,2018
2019-01-01,US,U.S. Total,RES,residential,134845133.0,12.47,16619.50058,133317.55017,1,2019
2019-01-01,US,U.S. Total,ALL,all sectors,154427955.0,10.24,33659.98217,328609.25104,1,2019
2019-01-01,US,U.S. Total,COM,commercial,18650138.0,10.3,11541.25321,112012.38825,1,2019
2019-01-01,US,U.S. Total,IND,industrial,932601.0,6.58,5433.42913,82609.75692,1,2019
2019-01-01,US,U.S. Total,TRA,transportation,83.0,9.83,65.79925,669.55571,1,2019
2019-02-01,US,U.S. Total,IND,industrial,914361.0,6.69,5115.79191,76447.26277,2,2019
2019-02-01,US,U.S. Total,COM,commercial,18539519.0,10.54,10761.04888,102070.87863,2,2019
2019-02-01,US,U.S. Total,RES,residential,133333741.0,12.72,14831.06029,116608.00237,2,2019
2019-02-01,US,U.S. Total,ALL,all sectors,152787704.0,10.4,30775.18152,295797.69323,2,2019
2019-02-01,US,U.S. Total,TRA,transportation,83.0,10.02,67.28043,671.54947,2,2019
2019-03-01,US,U.S. Total,COM,commercial,18635772.0,10.46,11238.08535,107468.19984,3,2019
2019-03-01,US,U.S. Total,IND,industrial,919551.0,6.73,5453.58707,81092.831,3,2019
2019-03-01,US,U.S. Total,ALL,all sectors,154726239.0,10.34,31212.17898,301852.69315,3,2019
2019-03-01,US,U.S. Total,RES,residential,135170833.0,12.84,14457.02591,112605.41506,3,2019
2019-03-01,US,U.S. Total,TRA,transportation,83.0,9.25,63.48065,686.24725,3,2019
2019-04-01,US,U.S. Total,RES,residential,134920415.0,13.25,11976.45347,90383.8218,4,2019
2019-04-01,US,U.S. Total,TRA,transportation,84.0,9.45,57.68344,610.31785,4,2019
2019-04-01,US,U.S. Total,IND,industrial,933498.0,6.51,5239.15371,80459.75842,4,2019
2019-04-01,US,U.S. Total,ALL,all sectors,154494404.0,10.24,28049.92488,273899.83766,4,2019
2019-04-01,US,U.S. Total,COM,commercial,18640407.0,10.52,10776.63426,102445.9396,4,2019
2019-05-01,US,U.S. Total,RES,residential,135405612.0,13.31,13355.93792,100331.07128,5,2019
2019-05-01,US,U.S. Total,IND,industrial,954838.0,6.69,5667.05147,84661.29301,5,2019
2019-05-01,US,U.S. Total,COM,commercial,18708360.0,10.54,11724.94301,111200.9527,5,2019
2019-05-01,US,U.S. Total,ALL,all sectors,155068891.0,10.38,30805.48324,296801.73615,5,2019
2019-05-01,US,U.S. Total,TRA,transportation,81.0,9.46,57.55085,608.41917,5,2019
2019-06-01,US,U.S. Total,RES,residential,135074042.0,13.32,16004.91759,120116.16993,6,2019
2019-06-01,US,U.S. Total,ALL,all sectors,154672832.0,10.74,34526.16689,321461.60493,6,2019
2019-06-01,US,U.S. Total,TRA,transportation,83.0,10.01,60.8996,608.41339,6,2019
2019-06-01,US,U.S. Total,IND,industrial,961090.0,6.87,5842.67477,84991.9946,6,2019
2019-06-01,US,U.S. Total,COM,commercial,18637617.0,10.9,12617.67493,115745.02702,6,2019
2019-07-01,US,U.S. Total,RES,residential,135468046.0,13.26,20381.88227,153748.88906,7,2019
2019-07-01,US,U.S. Total,ALL,all sectors,155192181.0,11.0,41354.2974,376094.82072,7,2019
2019-07-01,US,U.S. Total,COM,commercial,18735687.0,11.02,14432.99966,130951.45258,7,2019
2019-07-01,US,U.S. Total,TRA,transportation,83.0,9.82,63.04267,642.29241,7,2019
2019-07-01,US,U.S. Total,IND,industrial,988365.0,7.14,6476.3728,90752.18668,7,2019
2019-08-01,US,U.S. Total,TRA,transportation,82.0,9.65,63.00122,653.01553,8,2019
2019-08-01,US,U.S. Total,IND,industrial,983435.0,7.4,6739.44725,91061.84215,8,2019
2019-08-01,US,U.S. Total,RES,residential,135635335.0,13.3,19955.34606,150083.05574,8,2019
2019-08-01,US,U.S. Total,COM,commercial,18728398.0,11.02,14406.5893,130776.1738,8,2019
2019-08-01,US,U.S. Total,ALL,all sectors,155347250.0,11.05,41164.38383,372574.08721,8,2019
2019-09-01,US,U.S. Total,TRA,transportation,83.0,9.78,66.14824,676.54685,9,2019
2019-09-01,US,U.S. Total,IND,industrial,975412.0,7.06,6085.01039,86160.37695,9,2019
2019-09-01,US,U.S. Total,ALL,all sectors,154957895.0,10.82,36847.12675,340462.80117,9,2019
2019-09-01,US,U.S. Total,COM,commercial,18691319.0,10.96,13379.24718,122059.1507,9,2019
2019-09-01,US,U.S. Total,RES,residential,135291081.0,13.16,17316.72095,131566.72667,9,2019
2019-10-01,US,U.S. Total,RES,residential,136260010.0,12.81,13836.60486,107997.2082,10,2019
2019-10-01,US,U.S. Total,TRA,transportation,83.0,9.72,52.7563,542.95726,10,2019
2019-10-01,US,U.S. Total,COM,commercial,18821137.0,10.74,12380.43856,115304.90269,10,2019
2019-10-01,US,U.S. Total,IND,industrial,972507.0,6.84,5769.65594,84396.13735,10,2019
2019-10-01,US,U.S. Total,ALL,all sectors,156053737.0,10.39,32039.45567,308241.20549,10,2019
2019-11-01,US,U.S. Total,IND,industrial,945483.0,6.72,5350.48388,79624.66409,11,2019
2019-11-01,US,U.S. Total,ALL,all sectors,154991091.0,10.38,29629.47328,285532.04149,11,2019
2019-11-01,US,U.S. Total,TRA,transportation,84.0,9.52,58.48115,614.44177,11,2019
2019-11-01,US,U.S. Total,RES,residential,135340521.0,13.03,13346.14735,102452.92208,11,2019
2019-11-01,US,U.S. Total,COM,commercial,18705003.0,10.57,10874.3609,102840.01355,11,2019
2019-12-01,US,U.S. Total,COM,commercial,18836882.0,10.32,11146.48795,108001.47569,12,2019
2019-12-01,US,U.S. Total,RES,residential,136250376.0,12.68,15354.43935,121078.07664,12,2019
2019-12-01,US,U.S. Total,ALL,all sectors,156056308.0,10.22,31674.48931,309822.6908,12,2019
2019-12-01,US,U.S. Total,IND,industrial,968966.0,6.38,5112.23357,80094.7451,12,2019
2019-12-01,US,U.S. Total,TRA,transportation,84.0,9.46,61.32844,648.39337,12,2019
2020-01-01,US,U.S. Total,COM,commercial,18806506.0,10.18,11183.5826,109812.19558,1,2020
2020-01-01,US,U.S. Total,ALL,all sectors,155662807.0,10.22,32256.08924,315532.78974,1,2020
2020-01-01,US,U.S. Total,TRA,transportation,83.0,9.64,64.59481,669.87033,1,2020
2020-01-01,US,U.S. Total,IND,industrial,973566.0,6.37,5131.59312,80608.51254,1,2020
2020-01-01,US,U.S. Total,RES,residential,135882652.0,12.76,15876.31871,124442.2113,1,2020
2020-02-01,US,U.S. Total,IND,industrial,956000.0,6.44,5078.11621,78902.73171,2,2020
2020-02-01,US,U.S. Total,COM,commercial,18691075.0,10.3,10614.66602,103014.76876,2,2020
2020-02-01,US,U.S. Total,ALL,all sectors,154862354.0,10.22,30122.65423,294659.40487,2,2020
2020-02-01,US,U.S. Total,TRA,transportation,83.0,9.45,58.52216,619.0225,2,2020
2020-02-01,US,U.S. Total,RES,residential,135215196.0,12.82,14371.34984,112122.8819,2,2020
2020-03-01,US,U.S. Total,RES,residential,136372119.0,13.04,13595.60185,104254.94269,3,2020
2020-03-01,US,U.S. Total,TRA,transportation,83.0,9.67,57.88863,598.37845,3,2020
2020-03-01,US,U.S. Total,COM,commercial,18871191.0,10.34,10762.98253,104109.84326,3,2020
2020-03-01,US,U.S. Total,ALL,all sectors,156217198.0,10.21,29589.01545,289893.78032,3,2020
2020-03-01,US,U.S. Total,IND,industrial,973805.0,6.39,5172.54244,80930.61592,3,2020
2020-04-01,US,U.S. Total,ALL,all sectors,156156148.0,10.34,27119.48146,262400.56179,4,2020
2020-04-01,US,U.S. Total,COM,commercial,18827108.0,10.37,9479.50149,91405.77238,4,2020
2020-04-01,US,U.S. Total,IND,industrial,984766.0,6.39,4654.23513,72791.10205,4,2020
2020-04-01,US,U.S. Total,RES,residential,136344191.0,13.24,12942.55023,97759.20304,4,2020
2020-04-01,US,U.S. Total,TRA,transportation,83.0,9.72,43.1946,444.48431,4,2020
2020-05-01,US,U.S. Total,TRA,transportation,83.0,9.3,42.21874,453.96491,5,2020
2020-05-01,US,U.S. Total,IND,industrial,985155.0,6.54,4858.96527,74273.01032,5,2020
2020-05-01,US,U.S. Total,RES,residential,136178906.0,13.1,13841.02937,105680.94308,5,2020
2020-05-01,US,U.S. Total,COM,commercial,18763333.0,10.4,9811.52505,94299.1629,5,2020
2020-05-01,US,U.S. Total,ALL,all sectors,155927477.0,10.39,28553.73842,274707.0812,5,2020
2020-06-01,US,U.S. Total,RES,residential,136740348.0,13.22,17388.98634,131538.05061,6,2020
2020-06-01,US,U.S. Total,TRA,transportation,83.0,10.55,50.66242,480.27467,6,2020
2020-06-01,US,U.S. Total,IND,industrial,1007108.0,6.94,5446.52446,78444.67875,6,2020
2020-06-01,US,U.S. Total,COM,commercial,18861854.0,10.89,11938.04752,109592.71987,6,2020
2020-06-01,US,U.S. Total,ALL,all sectors,156609393.0,10.88,34824.22074,320055.72389,6,2020
2020-07-01,US,U.S. Total,TRA,transportation,82.0,10.27,57.09334,556.03878,7,2020
2020-07-01,US,U.S. Total,RES,residential,137441000.0,13.21,22067.18302,167108.14157,7,2020
2020-07-01,US,U.S. Total,IND,industrial,1020510.0,7.16,6069.61624,84758.37954,7,2020
2020-07-01,US,U.S. Total,COM,commercial,18916992.0,10.84,13784.70787,127107.48118,7,2020
2020-07-01,US,U.S. Total,ALL,all sectors,157378584.0,11.06,41978.60047,379530.04105,7,2020
2020-08-01,US,U.S. Total,RES,residential,136834443.0,13.26,21077.36574,158939.14743,8,2020
2020-08-01,US,U.S. Total,ALL,all sectors,156671400.0,11.02,40647.72485,368884.50417,8,2020
2020-08-01,US,U.S. Total,COM,commercial,18827402.0,10.9,13411.87399,123056.88421,8,2020
2020-08-01,US,U.S. Total,TRA,transportation,82.0,10.29,53.72897,522.34241,8,2020
2020-08-01,US,U.S. Total,IND,industrial,1009473.0,7.07,6104.75615,86366.13013,8,2020
2020-09-01,US,U.S. Total,RES,residential,137124272.0,13.49,17246.81339,127823.89319,9,2020
2020-09-01,US,U.S. Total,TRA,transportation,82.0,10.37,55.37214,533.98806,9,2020
2020-09-01,US,U.S. Total,IND,industrial,1010883.0,7.0,5669.96227,80976.88954,9,2020
2020-09-01,US,U.S. Total,COM,commercial,18867545.0,11.02,12473.14814,113219.74254,9,2020
2020-09-01,US,U.S. Total,ALL,all sectors,157002782.0,10.99,35445.29595,322554.51332,9,2020
2020-10-01,US,U.S. Total,ALL,all sectors,157214792.0,10.65,31623.1735,296876.57754,10,2020
2020-10-01,US,U.S. Total,COM,commercial,18919047.0,10.72,11626.20698,108468.18854,10,2020
2020-10-01,US,U.S. Total,IND,industrial,993821.0,6.72,5536.24217,82371.38049,10,2020
2020-10-01,US,U.S. Total,RES,residential,137301842.0,13.66,14409.1027,105513.9361,10,2020
2020-10-01,US,U.S. Total,TRA,transportation,82.0,9.87,51.62164,523.07241,10,2020
2020-11-01,US,U.S. Total,TRA,transportation,82.0,9.95,52.19611,524.84819,11,2020
2020-11-01,US,U.S. Total,IND,industrial,978625.0,6.49,5135.26138,79166.79619,11,2020
2020-11-01,US,U.S. Total,RES,residential,136773523.0,13.31,13268.68352,99660.93654,11,2020
2020-11-01,US,U.S. Total,ALL,all sectors,156588895.0,10.38,28765.94053,277249.20095,11,2020
2020-11-01,US,U.S. Total,COM,commercial,18836665.0,10.53,10309.79952,97896.62004,11,2020
2020-12-01,US,U.S. Total,TRA,transportation,82.0,9.86,61.29155,621.539,12,2020
2020-12-01,US,U.S. Total,RES,residential,137973904.0,12.78,16578.22282,129760.75834,12,2020
2020-12-01,US,U.S. Total,IND,industrial,1013820.0,6.41,5097.74132,79491.80083,12,2020
2020-12-01,US,U.S. Total,COM,commercial,18995400.0,10.41,10976.23021,105456.20387,12,2020
2020-12-01,US,U.S. Total,ALL,all sectors,157983206.0,10.37,32713.48591,315330.30203,12,2020
2021-01-01,US,U.S. Total,IND,industrial,995987.0,6.32,5037.45612,79749.53023,1,2021
2021-01-01,US,U.S. Total,RES,residential,137260791.0,12.62,17254.03065,136682.35148,1,2021
2021-01-01,US,U.S. Total,TRA,transportation,84.0,9.48,53.76867,566.94665,1,2021
2021-01-01,US,U.S. Total,ALL,all sectors,157172488.0,10.29,33076.00262,321496.47552,1,2021
2021-01-01,US,U.S. Total,COM,commercial,18915626.0,10.27,10730.74717,104497.64717,1,2021
2021-02-01,US,U.S. Total,IND,industrial,981871.0,7.75,5755.28756,74245.26189,2,2021
2021-02-01,US,U.S. Total,COM,commercial,18722180.0,11.36,11175.20896,98355.67733,2,2021
2021-02-01,US,U.S. Total,ALL,all sectors,155863960.0,11.16,33454.20031,299698.03448,2,2021
2021-02-01,US,U.S. Total,TRA,transportation,85.0,9.92,54.3073,547.5379,2,2021
2021-02-01,US,U.S. Total,RES,residential,136159824.0,13.01,16469.39649,126549.55737,2,2021
2021-03-01,US,U.S. Total,TRA,transportation,84.0,9.7,52.61121,542.26531,3,2021
2021-03-01,US,U.S. Total,RES,residential,138704308.0,13.24,15145.96101,114373.98006,3,2021
2021-03-01,US,U.S. Total,IND,industrial,1011356.0,6.98,5414.73332,77551.52192,3,2021
2021-03-01,US,U.S. Total,COM,commercial,19074182.0,11.08,11397.33352,102877.23442,3,2021
2021-03-01,US,U.S. Total,ALL,all sectors,158789930.0,10.84,32010.63907,295345.00171,3,2021
2021-04-01,US,U.S. Total,ALL,all sectors,158167521.0,10.63,29007.32811,272778.6964,4,2021
2021-04-01,US,U.S. Total,COM,commercial,19071189.0,10.87,10729.30576,98721.37911,4,2021
2021-04-01,US,U.S. Total,TRA,transportation,84.0,10.03,50.70409,505.57828,4,2021
2021-04-01,US,U.S. Total,RES,residential,138082070.0,13.73,12887.08573,93890.87998,4,2021
2021-04-01,US,U.S. Total,IND,industrial,1014178.0,6.7,5340.23253,79660.85904,4,2021
2021-05-01,US,U.S. Total,RES,residential,137887032.0,13.86,14016.93767,101160.29411,5,2021
2021-05-01,US,U.S. Total,IND,industrial,1014231.0,6.65,5563.98186,83702.51056,5,2021
2021-05-01,US,U.S. Total,COM,commercial,19061795.0,10.86,11368.76597,104711.2089,5,2021
2021-05-01,US,U.S. Total,ALL,all sectors,157963142.0,10.69,30998.49713,290060.60198,5,2021
2021-05-01,US,U.S. Total,TRA,transportation,84.0,10.03,48.81163,486.58841,5,2021
2021-06-01,US,U.S. Total,RES,residential,138706123.0,13.83,18272.82424,132153.48565,6,2021
2021-06-01,US,U.S. Total,ALL,all sectors,158929529.0,11.25,38079.80214,338415.38015,6,2021
2021-06-01,US,U.S. Total,COM,commercial,19185294.0,11.33,13490.8401,119052.69114,6,2021
2021-06-01,US,U.S. Total,IND,industrial,1038032.0,7.22,6263.2667,86701.60938,6,2021
2021-06-01,US,U.S. Total,TRA,transportation,80.0,10.42,52.87111,507.59398,6,2021
2021-07-01,US,U.S. Total,RES,residential,138712738.0,13.83,21364.03968,154494.57173,7,2021
2021-07-01,US,U.S. Total,TRA,transportation,80.0,10.29,56.14739,545.74121,7,2021
2021-07-01,US,U.S. Total,IND,industrial,1033826.0,7.42,6758.15791,91052.25211,7,2021
2021-07-01,US,U.S. Total,COM,commercial,19172792.0,11.46,14653.36006,127855.73402,7,2021
2021-07-01,US,U.S. Total,ALL,all sectors,158919436.0,11.45,42831.70504,373948.29907,7,2021
2021-08-01,US,U.S. Total,TRA,transportation,81.0,10.27,57.52915,560.04372,8,2021
2021-08-01,US,U.S. Total,RES,residential,138846236.0,13.92,21959.87398,157791.77207,8,2021
2021-08-01,US,U.S. Total,ALL,all sectors,159066732.0,11.55,44027.98405,381039.30375,8,2021
2021-08-01,US,U.S. Total,COM,commercial,19174446.0,11.52,15103.91015,131111.12131,8,2021
2021-08-01,US,U.S. Total,IND,industrial,1045969.0,7.54,6906.67077,91576.36666,8,2021
2021-09-01,US,U.S. Total,TRA,transportation,82.0,11.15,58.74164,526.8836,9,2021
2021-09-01,US,U.S. Total,IND,industrial,1043313.0,7.61,6530.16343,85817.13957,9,2021
2021-09-01,US,U.S. Total,RES,residential,138912493.0,14.14,18544.26574,131111.30373,9,2021
2021-09-01,US,U.S. Total,COM,commercial,19181762.0,11.65,13867.5425,118988.68357,9,2021
2021-09-01,US,U.S. Total,ALL,all sectors,159137650.0,11.59,39000.71331,336444.01047,9,2021
2021-10-01,US,U.S. Total,TRA,transportation,82.0,10.25,54.62723,532.81177,10,2021
2021-10-01,US,U.S. Total,IND,industrial,1020891.0,7.44,6348.67022,85355.96905,10,2021
2021-10-01,US,U.S. Total,COM,commercial,19194629.0,11.52,12927.27443,112246.47542,10,2021
2021-10-01,US,U.S. Total,RES,residential,138487361.0,14.06,14619.04807,103992.2144,10,2021
2021-10-01,US,U.S. Total,ALL,all sectors,158702963.0,11.24,33949.61995,302127.47063,10,2021
2021-11-01,US,U.S. Total,ALL,all sectors,158372980.0,11.14,31973.12264,287133.80021,11,2021
2021-11-01,US,U.S. Total,COM,commercial,19127343.0,11.29,11687.553,103506.07833,11,2021
2021-11-01,US,U.S. Total,IND,industrial,1021133.0,7.37,6083.90944,82545.23505,11,2021
2021-11-01,US,U.S. Total,RES,residential,138224422.0,14.07,14150.17831,100590.96639,11,2021
2021-11-01,US,U.S. Total,TRA,transportation,82.0,10.47,51.48188,491.52045,11,2021
2021-12-01,US,U.S. Total,ALL,all sectors,160111575.0,11.03,33913.63604,307387.1788,12,2021
2021-12-01,US,U.S. Total,TRA,transportation,82.0,10.49,54.62626,520.87172,12,2021
2021-12-01,US,U.S. Total,COM,commercial,19345225.0,11.15,11876.38175,106515.56744,12,2021
2021-12-01,US,U.S. Total,IND,industrial,1045799.0,7.06,5832.39571,82655.23457,12,2021
2021-12-01,US,U.S. Total,RES,residential,139720469.0,13.72,16150.23233,117695.50509,12,2021
2022-01-01,US,U.S. Total,RES,residential,138694350.0,13.64,19162.6998,140504.06917,1,2022
2022-01-01,US,U.S. Total,TRA,transportation,83.0,10.54,59.5613,564.88069,1,2022
2022-01-01,US,U.S. Total,IND,industrial,1018257.0,7.19,6037.27387,83982.00591,1,2022
2022-01-01,US,U.S. Total,COM,commercial,19145510.0,11.26,12793.64264,113605.09055,1,2022
2022-01-01,US,U.S. Total,ALL,all sectors,158858200.0,11.24,38053.17761,338656.04633,1,2022
2022-02-01,US,U.S. Total,ALL,all sectors,158766572.0,11.42,34929.48889,305863.07052,2,2022
2022-02-01,US,U.S. Total,IND,industrial,1009083.0,7.28,5601.37279,76892.52873,2,2022
2022-02-01,US,U.S. Total,COM,commercial,19081239.0,11.66,12018.87861,103062.62117,2,2022
2022-02-01,US,U.S. Total,TRA,transportation,84.0,10.95,61.9364,565.61781,2,2022
2022-02-01,US,U.S. Total,RES,residential,138676166.0,13.76,17247.30109,125342.30282,2,2022
2022-03-01,US,U.S. Total,ALL,all sectors,160644393.0,11.48,34936.02475,304300.02693,3,2022
2022-03-01,US,U.S. Total,COM,commercial,19352519.0,11.65,12647.16217,108603.13762,3,2022
2022-03-01,US,U.S. Total,IND,industrial,1033938.0,7.37,6163.54766,83679.08978,3,2022
2022-03-01,US,U.S. Total,TRA,transportation,87.0,10.87,62.93192,579.20961,3,2022
2022-03-01,US,U.S. Total,RES,residential,140257849.0,14.41,16062.383,111438.58992,3,2022
2022-04-01,US,U.S. Total,IND,industrial,1031667.0,7.7,6343.17936,82422.10664,4,2022
2022-04-01,US,U.S. Total,COM,commercial,19174040.0,11.82,12354.83786,104565.87141,4,2022
2022-04-01,US,U.S. Total,ALL,all sectors,159340236.0,11.56,32950.0354,284932.86674,4,2022
2022-04-01,US,U.S. Total,RES,residential,139134445.0,14.57,14194.26534,97431.84407,4,2022
2022-04-01,US,U.S. Total,TRA,transportation,84.0,11.26,57.75285,513.04462,4,2022
2022-05-01,US,U.S. Total,TRA,transportation,84.0,10.79,57.08866,529.31719,5,2022
2022-05-01,US,U.S. Total,RES,residential,139712967.0,14.89,16394.29248,110070.73408,5,2022
2022-05-01,US,U.S. Total,IND,industrial,1048800.0,8.25,7099.47288,86089.69405,5,2022
2022-05-01,US,U.S. Total,COM,commercial,19248194.0,12.0,13561.17446,113007.20865,5,2022
2022-05-01,US,U.S. Total,ALL,all sectors,160010045.0,11.98,37112.02848,309696.95397,5,2022
2022-06-01,US,U.S. Total,COM,commercial,19313913.0,12.75,15505.52043,121567.1717,6,2022
2022-06-01,US,U.S. Total,TRA,transportation,85.0,12.1,62.09981,513.15962,6,2022
2022-06-01,US,U.S. Total,IND,industrial,1068161.0,8.85,7854.35491,88715.71321,6,2022
2022-06-01,US,U.S. Total,RES,residential,140050386.0,15.3,20850.00673,136310.28781,6,2022
2022-06-01,US,U.S. Total,ALL,all sectors,160432545.0,12.75,44271.98187,347106.33234,6,2022
2022-07-01,US,U.S. Total,ALL,all sectors,159928898.0,13.12,51081.6979,389214.17473,7,2022
2022-07-01,US,U.S. Total,TRA,transportation,85.0,12.39,70.13354,566.0426,7,2022
2022-07-01,US,U.S. Total,RES,residential,139632048.0,15.31,25154.5668,164276.57789,7,2022
2022-07-01,US,U.S. Total,IND,industrial,1063023.0,9.31,8422.43966,90419.84289,7,2022
2022-07-01,US,U.S. Total,COM,commercial,19233742.0,13.02,17434.55789,133951.71136,7,2022
2022-08-01,US,U.S. Total,RES,residential,140549888.0,15.82,25354.06533,160271.46691,8,2022
2022-08-01,US,U.S. Total,TRA,transportation,84.0,12.9,69.10893,535.72161,8,2022
2022-08-01,US,U.S. Total,IND,industrial,1080715.0,9.38,8738.80507,93143.14117,8,2022
2022-08-01,US,U.S. Total,ALL,all sectors,160950031.0,13.44,52361.45097,389626.2823,8,2022
2022-08-01,US,U.S. Total,COM,commercial,19319344.0,13.41,18199.47164,135675.95261,8,2022
2022-09-01,US,U.S. Total,ALL,all sectors,160582255.0,13.31,45333.1834,340543.84071,9,2022
2022-09-01,US,U.S. Total,COM,commercial,19290292.0,13.28,16491.92237,124195.27519,9,2022
2022-09-01,US,U.S. Total,IND,industrial,1073550.0,9.06,7840.69623,86549.52268,9,2022
2022-09-01,US,U.S. Total,RES,residential,140218329.0,16.19,20930.48601,129241.3183,9,2022
2022-09-01,US,U.S. Total,TRA,transportation,84.0,12.57,70.07879,557.72454,9,2022
2022-10-01,US,U.S. Total,TRA,transportation,84.0,11.81,63.20321,535.38043,10,2022
2022-10-01,US,U.S. Total,RES,residential,140334114.0,15.99,15961.35217,99792.19117,10,2022
2022-10-01,US,U.S. Total,IND,industrial,1059659.0,8.45,7183.75169,85017.015,10,2022
2022-10-01,US,U.S. Total,COM,commercial,19294667.0,12.89,14418.35133,111851.35754,10,2022
2022-10-01,US,U.S. Total,ALL,all sectors,160688524.0,12.66,37626.65839,297195.94414,10,2022
2022-11-01,US,U.S. Total,TRA,transportation,82.0,11.56,63.16804,546.30602,11,2022
2022-11-01,US,U.S. Total,RES,residential,140228398.0,15.55,16040.97003,103152.07773,11,2022
2022-11-01,US,U.S. Total,IND,industrial,1047225.0,8.14,6654.42398,81701.39939,11,2022
2022-11-01,US,U.S. Total,COM,commercial,19291427.0,12.33,13178.52923,106857.96303,11,2022
2022-11-01,US,U.S. Total,ALL,all sectors,160567132.0,12.3,35937.09128,292257.74617,11,2022
2022-12-01,US,U.S. Total,COM,commercial,19343829.0,12.28,13995.54149,113929.45205,12,2022
2022-12-01,US,U.S. Total,IND,industrial,1064970.0,8.5,6955.26095,81851.92666,12,2022
2022-12-01,US,U.S. Total,RES,residential,140760019.0,14.94,19637.25881,131401.70248,12,2022
2022-12-01,US,U.S. Total,ALL,all sectors,161168901.0,12.4,40656.1186,327775.78446,12,2022
2022-12-01,US,U.S. Total,TRA,transportation,83.0,11.48,68.05736,592.70327,12,2022
2023-01-01,US,U.S. Total,RES,residential,140646331.0,15.47,20370.77621,131637.74262,1,2023
2023-01-01,US,U.S. Total,IND,industrial,1053923.0,8.18,6577.82032,80407.96007,1,2023
2023-01-01,US,U.S. Total,COM,commercial,19343850.0,12.61,14227.98529,112789.71678,1,2023
2023-01-01,US,U.S. Total,TRA,transportation,84.0,12.54,72.60971,579.22547,1,2023
2023-01-01,US,U.S. Total,ALL,all sectors,161044188.0,12.68,41249.19152,325414.64493,1,2023
2023-02-01,US,U.S. Total,ALL,all sectors,160375101.0,12.67,37122.54522,292945.66208,2,2023
2023-02-01,US,U.S. Total,COM,commercial,19245625.0,12.53,13013.09599,103830.28424,2,2023
2023-02-01,US,U.S. Total,IND,industrial,1045447.0,8.01,6125.39059,76449.23685,2,2023
2023-02-01,US,U.S. Total,RES,residential,140083946.0,15.98,17910.34448,112105.18081,2,2023
2023-02-01,US,U.S. Total,TRA,transportation,83.0,13.14,73.71416,560.96018,2,2023
2023-03-01,US,U.S. Total,ALL,all sectors,161937082.0,12.46,38170.74212,306453.94244,3,2023
2023-03-01,US,U.S. Total,TRA,transportation,84.0,12.28,70.83403,576.97647,3,2023
2023-03-01,US,U.S. Total,RES,residential,141448955.0,16.04,17716.08355,110416.92317,3,2023
2023-03-01,US,U.S. Total,IND,industrial,1061218.0,7.8,6460.45854,82817.07913,3,2023
2023-03-01,US,U.S. Total,COM,commercial,19426825.0,12.36,13923.36599,112642.96368,3,2023
2023-04-01,US,U.S. Total,TRA,transportation,85.0,12.05,61.86782,513.46136,4,2023
2023-04-01,US,U.S. Total,ALL,all sectors,160602261.0,12.16,34135.51161,280811.14791,4,2023
2023-04-01,US,U.S. Total,COM,commercial,19204427.0,12.08,12572.43482,104090.76444,4,2023
2023-04-01,US,U.S. Total,RES,residential,140336362.0,16.1,15491.85283,96195.85958,4,2023
2023-04-01,US,U.S. Total,IND,industrial,1061387.0,7.51,6009.35615,80011.06253,4,2023
2023-05-01,US,U.S. Total,TRA,transportation,84.0,12.43,65.70057,528.76348,5,2023
2023-05-01,US,U.S. Total,ALL,all sectors,161787500.0,12.21,36482.58868,298705.56959,5,2023
2023-05-01,US,U.S. Total,COM,commercial,19408729.0,12.16,13769.05459,113242.71738,5,2023
2023-05-01,US,U.S. Total,IND,industrial,1089609.0,7.64,6471.68664,84703.57574,5,2023
2023-05-01,US,U.S. Total,RES,residential,141289078.0,16.14,16176.14688,100230.51299,5,2023
2023-06-01,US,U.S. Total,TRA,transportation,85.0,12.41,71.84764,578.7425,6,2023
2023-06-01,US,U.S. Total,RES,residential,141443788.0,16.09,19514.61206,121319.611,6,2023
2023-06-01,US,U.S. Total,IND,industrial,1098252.0,8.11,6987.1354,86193.14599,6,2023
2023-06-01,US,U.S. Total,COM,commercial,19424587.0,12.63,15247.6945,120706.58417,6,2023
2023-06-01,US,U.S. Total,ALL,all sectors,161966712.0,12.72,41821.28959,328798.08365,6,2023
2023-07-01,US,U.S. Total,ALL,all sectors,161681072.0,13.06,50581.72502,387256.1072,7,2023
2023-07-01,US,U.S. Total,IND,industrial,1090923.0,8.36,7563.45259,90526.45351,7,2023
2023-07-01,US,U.S. Total,TRA,transportation,85.0,12.77,79.26453,620.61753,7,2023
2023-07-01,US,U.S. Total,COM,commercial,19387713.0,12.91,17603.18974,136394.20263,7,2023
2023-07-01,US,U.S. Total,RES,residential,141202351.0,15.86,25335.81816,159714.83353,7,2023
2023-08-01,US,U.S. Total,ALL,all sectors,162693712.0,13.27,52057.10964,392436.03404,8,2023
2023-08-01,US,U.S. Total,COM,commercial,19492504.0,13.08,18102.20348,138389.57188,8,2023
2023-08-01,US,U.S. Total,IND,industrial,1110030.0,8.9,8184.98362,92008.70522,8,2023
2023-08-01,US,U.S. Total,RES,residential,142091093.0,15.91,25693.30936,161460.19193,8,2023
2023-08-01,US,U.S. Total,TRA,transportation,85.0,13.26,76.61319,577.56501,8,2023
2023-09-01,US,U.S. Total,ALL,all sectors,161882447.0,13.14,45524.51259,346476.44135,9,2023
2023-09-01,US,U.S. Total,COM,commercial,19394681.0,13.07,16537.57351,126545.78749,9,2023
2023-09-01,US,U.S. Total,IND,industrial,1093078.0,8.43,7291.20496,86472.08044,9,2023
2023-09-01,US,U.S. Total,RES,residential,141394603.0,16.27,21601.60419,132807.00629,9,2023
2023-09-01,US,U.S. Total,TRA,transportation,85.0,14.45,94.12993,651.56712,9,2023
2023-10-01,US,U.S. Total,TRA,transportation,85.0,12.65,71.49645,565.4009,10,2023
2023-10-01,US,U.S. Total,COM,commercial,19445650.0,12.73,15047.05514,118207.85264,10,2023
2023-10-01,US,U.S. Total,RES,residential,141873678.0,16.48,17021.91692,103313.77418,10,2023
2023-10-01,US,U.S. Total,ALL,all sectors,162401934.0,12.67,39023.55882,308065.40868,10,2023
2023-10-01,US,U.S. Total,IND,industrial,1082521.0,8.01,6883.09031,85978.38096,10,2023
2023-11-01,US,U.S. Total,TRA,transportation,85.0,12.6,69.17436,549.13729,11,2023
2023-11-01,US,U.S. Total,RES,residential,141638998.0,16.19,16501.18163,101906.58739,11,2023
2023-11-01,US,U.S. Total,ALL,all sectors,162097788.0,12.44,36609.97329,294248.48557,11,2023
2023-11-01,US,U.S. Total,COM,commercial,19389685.0,12.43,13645.72492,109756.4832,11,2023
2023-11-01,US,U.S. Total,IND,industrial,1069020.0,7.79,6393.89239,82036.2777,11,2023
2023-12-01,US,U.S. Total,TRA,transportation,85.0,12.34,69.29196,561.37171,12,2023
2023-12-01,US,U.S. Total,RES,residential,141942234.0,15.69,18659.0197,118916.96042,12,2023
2023-12-01,US,U.S. Total,IND,industrial,1083495.0,7.61,6210.31532,81651.67602,12,2023
2023-12-01,US,U.S. Total,ALL,all sectors,162435882.0,12.34,38591.43586,312641.83476,12,2023
2023-12-01,US,U.S. Total,COM,commercial,19410068.0,12.24,13652.80889,111511.82661,12,2023
2024-01-01,US,U.S. Total,ALL,all sectors,162592961.0,12.71,43604.41306,343171.1621,1,2024
2024-01-01,US,U.S. Total,RES,residential,142098692.0,15.47,22169.05321,143267.38525,1,2024
2024-01-01,US,U.S. Total,TRA,transportation,82.0,12.64,77.21554,610.82887,1,2024
2024-01-01,US,U.S. Total,IND,industrial,1087100.0,8.1,6728.51082,83099.03915,1,2024
2024-01-01,US,U.S. Total,COM,commercial,19407087.0,12.59,14629.63349,116193.90883,1,2024
2024-02-01,US,U.S. Total,ALL,all sectors,161977059.0,12.76,38522.48166,301915.74475,2,2024
2024-02-01,US,U.S. Total,COM,commercial,19349570.0,12.75,13597.33387,106678.46834,2,2024
2024-02-01,US,U.S. Total,IND,industrial,1075582.0,7.79,6101.69354,78345.28585,2,2024
2024-02-01,US,U.S. Total,RES,residential,141551825.0,16.12,18752.72905,116351.26952,2,2024
2024-02-01,US,U.S. Total,TRA,transportation,82.0,13.08,70.72519,540.72105,2,2024
2024-03-01,US,U.S. Total,IND,industrial,1080094.0,7.68,6371.55611,82979.7119,3,2024
2024-03-01,US,U.S. Total,ALL,all sectors,162524920.0,12.69,37363.11532,294521.57458,3,2024
2024-03-01,US,U.S. Total,COM,commercial,19402648.0,12.73,13771.33814,108216.89999,3,2024
2024-03-01,US,U.S. Total,RES,residential,142042096.0,16.69,17148.76928,102725.76687,3,2024
2024-03-01,US,U.S. Total,TRA,transportation,82.0,11.92,71.45179,599.19582,3,2024
2024-04-01,US,U.S. Total,ALL,all sectors,162779638.0,12.65,35865.9319,283432.48897,4,2024
2024-04-01,US,U.S. Total,COM,commercial,19417052.0,12.63,13378.82747,105887.69974,4,2024
2024-04-01,US,U.S. Total,IND,industrial,1096747.0,7.77,6362.75504,81880.93885,4,2024
2024-04-01,US,U.S. Total,RES,residential,142265757.0,16.88,16057.49078,95126.14604,4,2024
2024-04-01,US,U.S. Total,TRA,transportation,82.0,12.43,66.85861,537.70435,4,2024
2024-05-01,US,U.S. Total,IND,industrial,1112158.0,7.88,6901.71413,87532.80909,5,2024
2024-05-01,US,U.S. Total,TRA,transportation,82.0,12.21,72.86117,596.86719,5,2024
2024-05-01,US,U.S. Total,COM,commercial,19467122.0,12.48,14461.13025,115903.01912,5,2024
2024-05-01,US,U.S. Total,RES,residential,142561792.0,16.43,17739.25234,107998.64368,5,2024
2024-05-01,US,U.S. Total,ALL,all sectors,163141154.0,12.55,39174.95789,312031.33908,5,2024
2024-06-01,US,U.S. Total,COM,commercial,19402311.0,13.07,16446.52673,125818.42865,6,2024
2024-06-01,US,U.S. Total,ALL,all sectors,162757188.0,13.23,46714.77031,353104.11399,6,2024
2024-06-01,US,U.S. Total,RES,residential,142241643.0,16.42,22829.06985,139067.36204,6,2024
2024-06-01,US,U.S. Total,TRA,transportation,83.0,12.74,72.27426,567.51643,6,2024
2024-06-01,US,U.S. Total,IND,industrial,1113151.0,8.4,7366.89947,87650.80686,6,2024
2024-07-01,US,U.S. Total,RES,residential,143052031.0,16.63,27534.85579,165564.28446,7,2024
2024-07-01,US,U.S. Total,ALL,all sectors,163698810.0,13.76,54223.52045,394123.69926,7,2024
2024-07-01,US,U.S. Total,COM,commercial,19507538.0,13.58,18575.91338,136758.57821,7,2024
2024-07-01,US,U.S. Total,TRA,transportation,83.0,13.15,84.26254,640.92413,7,2024
2024-07-01,US,U.S. Total,IND,industrial,1139158.0,8.81,8028.48874,91159.91246,7,2024
2024-08-01,US,U.S. Total,COM,commercial,19411740.0,13.39,18345.47849,136965.82249,8,2024
2024-08-01,US,U.S. Total,IND,industrial,1145127.0,8.72,8103.96721,92969.02843,8,2024
2024-08-01,US,U.S. Total,ALL,all sectors,163644285.0,13.61,53089.48339,390218.87059,8,2024
2024-08-01,US,U.S. Total,TRA,transportation,83.0,13.18,84.32779,639.65891,8,2024
2024-08-01,US,U.S. Total,RES,residential,143087335.0,16.63,26555.7099,159644.36076,8,2024
2024-09-01,US,U.S. Total,IND,industrial,1130209.0,8.51,7415.49202,87127.33223,9,2024
2024-09-01,US,U.S. Total,RES,residential,142647039.0,16.83,21616.4433,128429.06352,9,2024
2024-09-01,US,U.S. Total,TRA,transportation,82.0,13.01,73.44542,564.38179,9,2024
2024-09-01,US,U.S. Total,COM,commercial,19359632.0,13.47,16734.14963,124259.2414,9,2024
2024-09-01,US,U.S. Total,ALL,all sectors,163136962.0,13.47,45839.53036,340380.01894,9,2024
2024-10-01,US,U.S. Total,IND,industrial,1122412.0,8.21,7209.83685,87870.74987,10,2024
2024-10-01,US,U.S. Total,RES,residential,143641031.0,16.94,18109.88015,106886.79627,10,2024
2024-10-01,US,U.S. Total,TRA,transportation,82.0,12.35,70.25326,568.79002,10,2024
2024-10-01,US,U.S. Total,ALL,all sectors,164262079.0,13.07,41005.33454,313638.33993,10,2024
2024-10-01,US,U.S. Total,COM,commercial,19498554.0,13.2,15615.36429,118312.00377,10,2024
